0,0.0,249.68711692729667,159.0549686263345,58023.0
0,1.0,249.69295674426618,158.57449768263365,61497.0
1,0.0,355.06774874646186,268.5228214814967,55528.0
1,2.0,354.12074025528204,266.731090797613,54620.0
1,1.0,353.5796661946111,267.23872708602295,57870.0
2,6.0,511.0,36.0,56449.0
2,1.0,510.06012412184236,35.972454928394654,59466.0
2,7.0,510.4308509361211,35.355943733394305,60253.0
2,3.0,510.3903001599104,36.628566202736955,59020.0
2,5.0,510.4122010587256,35.99372416210388,56891.0
2,8.0,510.0039169692073,35.75151884584167,60698.0
2,4.0,511.0,36.0,58682.0
2,0.0,509.8044763647396,36.12195569585761,59796.0
2,2.0,511.0,36.0,58146.0
3,1.0,465.1699994887932,29.990465315138728,55705.0
3,0.0,465.04885337714563,27.886655335827193,55879.0
3,2.0,464.63599015876616,29.300546226841504,57596.0
4,5.0,470.0299097357201,289.45110755665405,55128.0
4,3.0,474.89905551606796,290.73017852473845,56583.0
4,4.0,470.8502320253524,290.7058000022538,53786.0
4,0.0,472.30068861582134,290.34100540550713,55159.0
4,1.0,473.73895554089455,290.40923281958635,56937.0
4,2.0,474.5358364528151,289.5523350158347,56222.0
5,6.0,207.07103115546442,44.061714767795486,55012.0
5,7.0,206.22320566075265,44.64682782408968,54060.0
5,1.0,206.21654434310702,42.25050043207947,55037.0
5,3.0,206.20564156768015,44.72717916327142,55146.0
5,5.0,206.71361071035875,44.69944953507602,54562.0
5,4.0,205.9026116943157,44.05773674538919,54979.0
5,0.0,205.12184950391332,43.137750491097364,58046.0
5,2.0,205.58148008195968,43.897140562210524,55529.0
6,2.0,365.8835919466528,84.3010800639012,55851.0
6,6.0,365.95322574948284,83.26642126264068,55570.0
6,1.0,365.7308206221644,82.91095616343793,57488.0
6,7.0,369.03049262693946,84.11668595387835,57668.0
6,5.0,367.1600815146585,84.95926048651654,55883.0
6,3.0,366.68524424426164,84.27627026051347,57094.0
6,8.0,366.79877560462035,84.72352248079888,55914.0
6,4.0,368.3385882687016,83.08288768665416,54295.0
6,0.0,365.25511448994536,83.10335235359052,57038.0
7,2.0,402.2449768516009,305.47465629341764,59792.0
7,1.0,404.1930187418371,304.4647616466118,58390.0
7,0.0,404.5892609523192,304.84397263354674,60312.0
8,1.0,281.2319055942298,304.4203182640604,52973.0
8,2.0,280.59042350233676,305.11955854936485,54599.0
8,0.0,280.4802448357724,305.39578170903775,56970.0
9,2.0,480.5535074617062,229.84416002418212,50919.0
9,1.0,477.8016018281812,228.83688305487087,50702.0
10,2.0,305.2048582483138,288.8439906177791,64113.0
10,1.0,304.6401029725202,287.9103443800452,66797.0
11,7.0,271.8640416306748,347.33946748743966,55774.0
11,2.0,268.2919254588786,346.67173771476115,54563.0
11,5.0,272.4112965939445,347.950641700164,54460.0
11,4.0,270.84522702316883,347.0299927952812,53957.0
11,3.0,268.7517562467592,345.38052869539905,54089.0
11,6.0,273.636729562404,348.0511180919295,53437.0
12,5.0,327.0,316.0,54529.0
12,4.0,327.42177227316006,315.35144925331525,58266.0
13,6.0,374.98912932135477,95.41379270114645,55444.0
13,5.0,377.14282749254477,93.92920656206844,54830.0
13,4.0,378.4657831595281,94.8593248327209,54834.0
14,6.0,36.20717160214879,484.8385286450558,55601.0
14,5.0,35.879456856912945,485.1122166308245,54164.0
14,4.0,36.2928133522469,484.8050044523964,53232.0
15,3.0,388.85251265748633,134.83672735708896,58865.0
15,2.0,388.9047604057669,133.12270720569606,59666.0
16,3.0,104.70030063921877,495.8583865101987,51273.0
16,2.0,105.82962847365044,494.2795210430588,52360.0
17,3.0,509.261693164334,1.8332748762109912,47187.0
17,2.0,509.0,0.0,46844.0
18,3.0,191.37168826699556,274.1721439724118,57024.0
18,2.0,190.454122584739,272.8885826075645,60256.0
19,6.0,88.4247390256364,498.2992859616762,54789.0
19,7.0,87.07079764619188,497.87167379434493,54771.0
20,6.0,379.70807385870444,135.28874360088145,59031.0
20,7.0,381.84411527062224,135.2826633701764,67776.0
21,8.0,465.9399248212716,286.99554862402357,56238.0
21,5.0,466.7304729785765,287.36302746461496,52915.0
21,6.0,467.33385827585835,287.3850257035355,59886.0
21,7.0,465.8465068204573,287.2318766817982,58459.0
22,5.0,400.13840044055104,313.4209652133684,56872.0
22,6.0,399.7580766966761,313.00986447193264,54247.0
23,5.0,260.8799443769496,323.80525366179353,56416.0
23,6.0,261.42166872153683,326.3752147597866,55247.0
24,9.0,313.0576862230188,316.572345032116,56931.0
24,8.0,313.86367084994197,315.3630827564901,54901.0
24,7.0,312.4422767486892,316.93344172584455,53133.0
25,9.0,252.64316275894404,304.3182422947693,56683.0
25,10.0,252.1718881364925,305.35197800397407,54025.0
26,12.0,204.86328731759335,46.75009563170347,58777.0
26,15.0,206.0399685766527,45.468393197560225,57482.0
26,11.0,206.08318109543177,46.39796217286569,55250.0
26,13.0,206.24836276718943,46.00396541419706,57132.0
26,9.0,207.09149147251105,45.372023139224105,54709.0
26,17.0,205.41094349543187,46.00650415548224,55332.0
26,16.0,206.22587673687443,45.024541886619105,58375.0
26,10.0,207.09451695642053,47.735307488168935,55333.0
26,14.0,205.7150435745043,44.62911454733832,58534.0
27,10.0,382.0593210144194,135.9245693676568,59910.0
27,9.0,383.1081781787267,136.92174127600515,62545.0
28,3.0,1.0,509.0,49668.0
28,4.0,1.0,509.0,49471.0
29,4.0,361.3217558455315,266.08082491325655,53778.0
29,3.0,360.6756792046125,267.0546872352293,55883.0
30,4.0,279.35512767327873,46.254230265137636,52681.0
30,3.0,280.71703840750877,46.0720492007338,52021.0
31,3.0,307.0435706048893,116.75126599955641,54263.0
31,4.0,308.35949547545187,118.59168567489827,51633.0
32,4.0,386.9442957703212,128.62857607955866,59018.0
32,3.0,387.8386383167859,129.02580445649426,59966.0
33,14.0,269.86612710797954,331.48022147324514,55418.0
33,12.0,271.3173041613204,328.36978817070946,54414.0
33,13.0,269.80581816900354,329.9282901775349,54233.0
34,12.0,373.89361560762507,90.02020213140514,57445.0
34,13.0,375.0123314539034,90.38594027139096,58928.0
34,11.0,373.91243944541424,89.99097570238875,56436.0
35,12.0,154.57835934704786,108.45795057610283,54732.0
35,13.0,154.9589317543407,107.38492464826645,57595.0
36,13.0,258.03975421671186,239.54040538533317,56416.0
36,11.0,257.7635957882137,239.22596418164164,53177.0
36,12.0,257.2835345148278,239.59122450172094,58049.0
37,15.0,25.172122281338968,15.919508791958487,56717.0
37,16.0,24.07570848345462,15.760080951893634,55704.0
37,21.0,26.098406803640515,14.044063033647811,53088.0
37,13.0,23.2055858962221,17.023015077111168,55477.0
37,11.0,22.940457117429684,17.027354370386735,57201.0
37,19.0,27.440757566117902,13.945622716139123,57538.0
37,10.0,22.42320408814972,17.134966227765208,58258.0
37,14.0,24.3951146059481,15.086711953757337,57168.0
37,17.0,24.060973688462802,15.972177702246018,54898.0
37,20.0,27.077602497546835,14.21864791790882,54187.0
37,18.0,25.199059816362062,14.991444174895845,54934.0
37,12.0,23.253935703164824,16.82443351540466,57530.0
38,16.0,402.8712548805925,229.55046691712755,62249.0
38,17.0,402.32961730455423,230.01159298024186,61541.0
38,18.0,402.0281719528951,229.67713935415333,63591.0
38,13.0,402.58251813217845,229.58640722547761,58590.0
38,19.0,401.63951615478595,229.72039016392088,62618.0
38,14.0,402.0125180809337,228.92098789673415,61512.0
38,15.0,402.5863859557792,229.19815827076155,62012.0
38,20.0,402.70754575256785,228.9461404749832,53948.0
39,13.0,214.25046153082064,255.54946470068427,65265.0
39,14.0,213.89596722673343,255.6485234848701,62094.0
39,15.0,214.21920008302774,255.32955835599836,63025.0
40,13.0,402.1370365466401,316.1154477107161,57360.0
40,14.0,401.27861501400184,317.644807722454,54784.0
41,14.0,384.71006008085504,128.17982248789315,57415.0
41,13.0,384.6183756988687,129.89100966673334,57908.0
42,11.0,393.64055031740605,238.28292335636675,63856.0
42,10.0,392.85724718119064,237.60054738317532,55236.0
43,10.0,253.25371765361416,196.792965631913,54010.0
43,11.0,254.3329595246358,196.41315786401634,55429.0
44,12.0,399.97601385500235,310.8350319324895,60551.0
44,10.0,399.721699940155,310.65949269091004,60756.0
44,11.0,399.6239456974053,310.7940765005604,62435.0
45,11.0,329.51993771644067,48.41312575957185,53268.0
45,10.0,327.5678543674979,49.84366965285938,53529.0
46,26.0,271.9210714711966,297.3102527233696,63178.0
46,17.0,274.7488115884496,294.60719457099106,64786.0
46,25.0,272.53069688392725,296.5184635534504,62510.0
46,31.0,273.09990242255634,296.90053369376557,67095.0
46,15.0,274.8230692666362,294.2184089943201,56432.0
46,20.0,274.2635161390547,294.768417759357,63298.0
46,22.0,272.9184659782719,294.95365561451666,64413.0
46,33.0,271.67047357031146,297.0507278431753,65128.0
46,34.0,270.61908997385643,295.93839154793864,65665.0
46,19.0,274.67590550695326,293.8824692803071,62798.0
46,27.0,272.5271059541611,298.0480913099742,62981.0
46,28.0,272.5844666753614,297.3381572470161,65021.0
46,16.0,274.1140221503226,294.6291646707543,64350.0
46,21.0,273.2844253088062,295.04512669556476,64595.0
46,29.0,273.56177531476845,297.32706215743593,63833.0
46,32.0,272.09817652200184,296.40486175612125,65420.0
46,30.0,273.69095582993424,297.2826021914569,65133.0
46,23.0,274.6888378051543,295.6781112604205,60399.0
46,24.0,274.21851717563635,297.5725524566912,62191.0
46,18.0,274.47876851125693,294.2918058836617,64609.0
46,35.0,269.9961492291075,296.04192395828085,61286.0
47,17.0,298.8600001683989,298.39439112717537,60858.0
47,18.0,298.6559136336815,298.88991166277947,62027.0
48,18.0,26.43097143711751,200.66542213120513,58396.0
48,19.0,25.328782799463205,202.87079869579458,58089.0
48,14.0,26.88611621749788,199.88009584893794,57321.0
48,15.0,26.98509002435133,201.13905000657374,57633.0
48,16.0,26.02220265252036,201.37752845647304,57163.0
48,17.0,26.78813344178144,201.56268466183843,58518.0
49,15.0,349.75570723333635,260.0574671673195,55141.0
49,16.0,350.56541537809994,262.45182130997176,54454.0
49,17.0,350.6686388104667,264.32178615508525,52998.0
49,14.0,351.9864111654549,259.24386330454814,54208.0
50,15.0,122.50982906310064,99.03493258956313,57461.0
50,16.0,122.56391085704757,99.58193660891668,57166.0
50,17.0,120.10477083145727,100.7521362820479,56325.0
50,14.0,122.28500291243861,98.29292278744734,56122.0
51,15.0,324.9314220743986,315.8786747869841,54386.0
51,14.0,324.5419311745562,314.8209808592198,56945.0
52,18.0,386.70097883535135,126.13701769694283,57773.0
52,19.0,386.251689241709,127.7857454885099,55645.0
53,19.0,209.7079257318767,6.850914894766937,57045.0
53,18.0,209.53706863437966,5.903623698084928,57346.0
54,19.0,10.232304700775234,15.180121990479584,53680.0
54,18.0,8.791540657871746,13.923807305642525,52998.0
55,19.0,157.14375983333719,107.74853347263254,57471.0
55,18.0,157.9062190964767,109.8612821567754,54689.0
56,16.0,246.97173651197707,372.2053959642904,62046.0
56,17.0,246.54736130199083,372.7394830720126,57463.0
57,16.0,283.05061694070133,382.6940714458183,58095.0
57,17.0,283.3456780288501,384.65105148599645,56480.0
58,11.0,27.906278754602567,199.9487642188996,56367.0
58,12.0,28.339053777001364,199.7940872887618,56681.0
59,12.0,367.9173229806255,84.83171877077156,56941.0
59,11.0,368.6256102378448,82.62568324554678,57097.0
60,21.0,260.76009591138825,248.3209277406013,64713.0
60,23.0,259.7500847355774,248.184905747729,61736.0
60,22.0,260.208475042389,249.8196912930497,61140.0
60,20.0,261.05631033037355,248.6586840329883,62314.0
61,22.0,259.40165246878695,368.7334051484842,59958.0
61,21.0,261.6850568141459,369.7549696466792,59592.0
62,28.0,462.0292368990951,32.238833328786725,54816.0
62,29.0,461.8959070071411,31.20280360673667,55826.0
62,30.0,462.17214691243436,32.01829251811415,56279.0
62,23.0,463.30453445662107,31.987049119024853,55384.0
62,24.0,463.1026530146983,32.21751931617859,55492.0
62,32.0,462.34099089563307,32.87335549278307,54165.0
62,21.0,464.08362077629533,33.677061413133075,53966.0
62,25.0,462.0076496459526,31.662083819333986,55509.0
62,33.0,462.9709894008298,32.150537810372654,53880.0
62,26.0,462.0850654407479,32.73676513119553,56485.0
62,22.0,463.17007108597926,33.72668521986965,55681.0
62,31.0,462.758919706409,32.34839695435007,53606.0
62,34.0,462.42820813368445,34.72975597099573,53392.0
62,27.0,460.79121469384063,32.958823346017525,55660.0
63,22.0,406.77240090348647,336.71167868775,55943.0
63,23.0,406.4140787609813,337.2010435432388,54423.0
63,24.0,406.0004047439719,336.234793114708,54370.0
64,26.0,87.53379803493657,502.72303628394366,56240.0
64,27.0,88.03143147394086,500.9500510960564,54967.0
64,25.0,87.76382177379114,501.3846970463859,57452.0
64,22.0,88.98684862762714,499.117035505606,53038.0
64,23.0,88.59696650313508,500.1917146037028,56134.0
64,24.0,87.6371846941719,499.6317871471,55905.0
65,23.0,156.0,118.0,56132.0
65,22.0,155.31161641744305,118.81824861578545,57193.0
66,23.0,320.4174193756527,257.9089558513169,56423.0
66,24.0,320.7969841642561,256.855098147822,59067.0
66,27.0,322.782100492499,253.96248913823553,53619.0
66,28.0,321.34461075929045,255.3306335414221,53612.0
66,25.0,321.04280260876527,256.59239978705415,55553.0
66,26.0,321.077752138202,254.58996455376897,54361.0
67,25.0,25.910898232812713,14.855295503316327,54585.0
67,26.0,25.964021250629795,15.158111749641925,59541.0
67,24.0,28.247774666042957,14.203431545521331,53070.0
67,23.0,25.901974163550094,15.908626034512272,51821.0
67,27.0,25.321012665336063,14.548321774163476,53764.0
68,25.0,311.08510987696127,293.72435878933464,56699.0
68,24.0,311.37074712941853,292.58559803045546,58682.0
69,67.0,272.36913563734146,62.82049931411305,62123.0
69,36.0,272.8926522442039,64.95488306947556,65776.0
69,56.0,272.4864059295346,62.81487913890967,65268.0
69,43.0,272.5793940201261,62.03714003113247,64898.0
69,82.0,271.91025217955087,60.20045406349424,66199.0
69,51.0,272.24725737870887,61.48417769795048,65739.0
69,29.0,275.8116151964928,68.40597487763468,55940.0
69,37.0,272.70691381650397,64.34678187124305,66426.0
69,64.0,273.17537762314754,62.094651423563725,65336.0
69,75.0,272.4064252955603,64.77427895878148,63222.0
69,70.0,271.97899624939566,62.099521997367304,65391.0
69,45.0,272.5264002556363,63.496373383301794,62700.0
69,31.0,274.4379702971083,67.55675080781177,57817.0
69,38.0,272.3586273361751,63.255107967041,64514.0
69,84.0,272.06416867677837,60.47060618899481,63955.0
69,58.0,272.5488790041451,62.86389873713091,64542.0
69,52.0,272.10131228942356,61.34718841120978,65199.0
69,80.0,271.8865591012782,61.389489247279315,69767.0
69,42.0,272.32034872299334,61.29769384100638,65857.0
69,28.0,274.8825716242901,68.59947959543997,56905.0
69,49.0,272.21607397987765,62.4268262988528,62469.0
69,89.0,272.40045750679184,61.55668641685287,60372.0
69,74.0,272.1797579093498,63.71968695278903,62454.0
69,57.0,272.7252704539589,63.917742476369014,62710.0
69,68.0,272.2287782674756,62.87182099841429,65024.0
69,35.0,273.5775772044179,65.77839682085542,59259.0
69,63.0,273.3238514410249,62.4586979644642,63123.0
69,44.0,272.1751362027133,63.07657853985199,64489.0
69,50.0,272.35453910671595,61.515588651097524,66512.0
69,83.0,272.40241768426165,60.92639278193871,62795.0
69,25.0,275.501746890214,67.71835570318336,56214.0
69,76.0,272.25398915762867,64.65680237794592,65343.0
69,88.0,272.7237699451937,60.268724536441574,61608.0
69,86.0,272.002695128858,60.98717472632714,69244.0
69,27.0,275.1570256466751,68.4076389474892,57717.0
69,40.0,272.57592104067834,62.25989912494615,62508.0
69,65.0,272.2041615520498,62.637015210776404,67566.0
69,60.0,272.46270833788736,61.458269900132805,64830.0
69,55.0,272.53320058546115,62.97783571212868,66243.0
69,72.0,272.1281654327398,62.74362608284822,67139.0
69,81.0,271.7964347022,59.98975162100861,65472.0
69,32.0,273.86721148375926,66.43001047704375,61077.0
69,48.0,272.68901485820516,63.36048806095905,62913.0
69,87.0,272.55344178214955,60.68563723076209,60614.0
69,61.0,273.0316053873412,61.07153693880355,63667.0
69,41.0,272.2047897680607,62.93210625249782,65476.0
69,71.0,272.03363091146804,61.772661176804974,67030.0
69,79.0,272.132661243875,61.97151662227086,68772.0
69,54.0,272.25366933087736,61.96118127818887,64277.0
69,26.0,275.64958585073134,68.07434955172272,55896.0
69,33.0,273.6943360203768,66.05782711028104,60260.0
69,66.0,272.39870866746406,64.10242501643056,63913.0
69,46.0,272.66400938440665,62.84209857507613,61015.0
69,73.0,271.98652738447726,62.68565458339788,64366.0
69,77.0,272.12653919488275,63.808656717453836,65464.0
69,62.0,273.6192633512611,61.08312147783073,61052.0
69,30.0,275.80388437529905,68.3877896724236,56712.0
69,24.0,276.762157984141,67.63650538824878,54741.0
69,90.0,272.49581119993024,61.529285195592394,58617.0
69,39.0,272.7283436610165,62.30129550931148,61547.0
69,85.0,272.0620933762142,60.859160750835855,63911.0
69,53.0,272.51932187818994,61.703853155112895,65845.0
69,59.0,272.85119608472826,62.93061465537739,64545.0
69,69.0,272.09621431846995,63.16700020686154,64076.0
69,47.0,272.82526065309827,62.206704068870344,60048.0
69,78.0,272.20924190075743,62.8549594367283,67709.0
69,34.0,273.1755240838381,64.99311996506285,61451.0
70,20.0,256.11970702069516,368.6585973195034,55480.0
70,19.0,254.2779325568894,368.36691359270674,57394.0
71,26.0,163.84215945390133,286.2549543790027,56704.0
71,27.0,162.95055133754838,285.8071956982391,58691.0
72,28.0,316.95086335580066,300.146330328246,57987.0
72,26.0,318.18038454885755,298.9652935721302,57430.0
72,27.0,316.9035003808297,299.68937753757314,57531.0
73,27.0,366.900691877083,84.4468989185193,60919.0
73,36.0,367.0733724767514,84.49891965273514,60900.0
73,28.0,366.61451678767645,85.37916050899621,62257.0
73,40.0,367.7167904857861,84.30887370690859,64163.0
73,29.0,366.98858315557493,85.27452177575825,59807.0
73,30.0,367.3785190336082,85.73794628965604,60552.0
73,32.0,367.7732107652031,84.46589502900831,60419.0
73,37.0,367.7040733096385,84.666381406215,61816.0
73,35.0,367.02235709470403,83.73512088603455,60247.0
73,39.0,367.5397918611281,84.80958772552798,66071.0
73,26.0,366.81424538050663,85.05681820333277,63759.0
73,25.0,367.0067969446738,84.96946252453216,60285.0
73,33.0,367.6438891066668,85.10291462158034,61895.0
73,38.0,367.94373661154094,84.54989458677576,65752.0
73,31.0,366.98404516081916,84.6349962397543,62622.0
73,34.0,367.1231293547129,83.58569401031464,64992.0
74,27.0,372.66612556908046,123.37720227369246,56430.0
74,26.0,371.30410342818254,124.0733103507391,55366.0
75,29.0,170.0575945062744,279.4416858930539,55169.0
75,27.0,171.15089458691196,280.08395683145403,56208.0
75,28.0,170.44142893838068,279.3962110371486,60369.0
75,26.0,170.93175863463554,279.4750929071854,56855.0
76,31.0,468.8097169839115,228.88941622821022,52783.0
76,30.0,469.2059488657634,228.06401641861828,52767.0
77,31.0,27.300167579316795,13.001445098895799,58677.0
77,29.0,25.155445717406373,14.416715193663757,54574.0
77,32.0,27.540652651302732,14.789096205187235,55436.0
77,30.0,26.632194379138898,14.459541335514794,58758.0
78,28.0,282.8345129345716,47.793422511025994,56486.0
78,31.0,283.11692022046225,50.94887463703523,57094.0
78,29.0,282.2664252213855,50.98287829033051,57861.0
78,33.0,280.7958537015354,49.44154026726708,56866.0
78,30.0,281.6071108913451,49.6729152442563,57792.0
78,32.0,282.3098846155433,48.84557989240685,55395.0
78,27.0,281.5896218320185,49.685845939143,56378.0
79,29.0,88.3577900145427,502.12587992677066,56053.0
79,30.0,89.13059584586706,502.54458573831596,54099.0
80,27.0,152.16559493224105,303.52100189373544,56000.0
80,28.0,153.7810227428689,303.89356018203796,55850.0
80,29.0,149.09442843087285,303.1355061884444,54712.0
80,30.0,150.16098938466826,303.8544144337427,54560.0
81,30.0,180.9120499518873,163.12729617790362,55433.0
81,29.0,178.44730351847736,163.4116237611484,53843.0
82,27.0,34.397998133746654,170.50401142531175,55783.0
82,28.0,34.50595452693104,169.677828868112,55997.0
82,29.0,33.87960019580026,170.17033179183142,54877.0
83,29.0,342.251473719831,284.75830437743906,55935.0
83,28.0,341.1418593635479,283.29677786730343,56025.0
84,32.0,432.00294778572356,254.1920946935902,53395.0
84,33.0,433.7639762339185,252.29544788145574,53578.0
85,32.0,359.6682529110864,456.4421293471054,53494.0
85,31.0,359.746442464521,455.99606726220645,54023.0
85,33.0,359.9136881189761,456.90925070198017,54582.0
86,33.0,350.0636311820685,291.097234911282,57500.0
86,34.0,350.7940091721344,291.9711863744127,57733.0
87,33.0,281.8660499959893,50.8618690794342,58019.0
87,34.0,281.4799289353734,50.43743217711571,58494.0
87,35.0,281.93220126410074,49.69215896314774,57350.0
88,34.0,175.7248185716016,332.4311693092185,53576.0
88,33.0,175.35143049535736,333.9736869724934,54727.0
88,35.0,177.9349182893464,331.85501408948807,53802.0
89,34.0,375.2517939827297,107.20978249529396,56106.0
89,33.0,374.0429318034634,105.54987657696182,54764.0
90,36.0,463.1784159669904,33.6787845258331,54114.0
90,38.0,465.5990768484922,29.565844997780395,57995.0
90,37.0,464.0198809135718,32.002867101068205,55293.0
90,39.0,467.685500786294,28.62935833078225,56408.0
91,37.0,153.62947357658294,143.9853405718481,57556.0
91,36.0,153.31669144730645,142.77200240112643,55611.0
91,39.0,153.8279338980105,140.5836072678348,54930.0
91,40.0,154.53018688401582,141.05112884344564,55774.0
91,38.0,152.88243103205662,145.31188859765538,56024.0
92,83.0,421.95424924347464,271.1220327135383,56540.0
92,63.0,422.93524128709674,271.19976380493006,55826.0
92,50.0,423.03039384260137,269.43714834475867,65567.0
92,88.0,420.8494424054716,271.0753979330067,58540.0
92,36.0,423.4534622163495,271.24524661924204,54719.0
92,76.0,422.0031121700574,270.1429180379623,57600.0
92,43.0,423.9698179721147,270.20593461565943,56280.0
92,67.0,423.50914400229846,271.1847462937092,57020.0
92,56.0,423.5006836876853,269.8434345972337,67924.0
92,82.0,422.0757638746969,270.421855154738,59664.0
92,37.0,424.01423626184305,271.0163868820172,55474.0
92,51.0,423.5863561172654,269.67952265699125,65925.0
92,75.0,422.06842948591316,270.23525028602984,58423.0
92,45.0,424.1086974777087,270.76931207366187,56494.0
92,70.0,420.3867735127631,269.7554239161487,66382.0
92,64.0,422.8490051172667,272.55867628045957,54923.0
92,54.0,423.79771416241925,270.27009836111426,66908.0
92,71.0,420.3943018519173,269.063988667164,68601.0
92,61.0,422.8645045445448,270.21420989889646,56426.0
92,66.0,423.12867147275733,271.8132200197199,54495.0
92,42.0,424.3632925949142,270.7720943208826,55625.0
92,49.0,424.0518096869119,270.9561343025583,56565.0
92,80.0,422.20431558278835,271.04407532555706,56877.0
92,89.0,422.7708988900441,270.1450125417914,60056.0
92,74.0,421.00201588914155,268.9466253105394,62307.0
92,35.0,424.2247018835307,271.98494317735475,58685.0
92,57.0,423.3449243688633,269.420386042037,66927.0
92,68.0,420.3266064944833,269.7714993228843,64350.0
92,44.0,424.1615085065934,270.442980162795,56602.0
92,34.0,424.1914523048347,271.885518492893,55453.0
92,69.0,420.44017344468426,269.7288049732338,64885.0
92,78.0,422.66162363249134,271.32026049084675,58528.0
92,47.0,423.8869244223184,270.1011570808538,56537.0
92,86.0,421.2633004663393,271.73138668261714,56208.0
92,40.0,424.21670140784585,271.2983563996072,56785.0
92,72.0,420.47762981391327,268.77690625757316,68141.0
92,81.0,422.5591645161143,269.49977036098926,59985.0
92,55.0,423.92385540086514,269.8319160771225,67092.0
92,65.0,423.7816296189696,271.8522685821732,55751.0
92,60.0,422.5548145648822,269.7296001031867,65666.0
92,87.0,422.77535150423193,270.9255914405155,56765.0
92,41.0,423.7170409433378,270.94305639275865,55528.0
92,48.0,423.848914505763,271.2490236674064,55163.0
92,79.0,422.18923254268685,271.0586339856522,58055.0
92,38.0,423.8273129278604,270.8562932814626,55695.0
92,52.0,423.6247114856319,269.51261713363374,65446.0
92,58.0,422.700145687589,269.90043070878784,66329.0
92,84.0,421.267358785003,270.4514392385063,59071.0
92,73.0,420.2229599447239,268.17451222446107,67130.0
92,46.0,424.2044754719866,270.7165752825813,55816.0
92,77.0,421.65760532379267,270.2763923610807,60295.0
92,90.0,423.00244874849113,271.0051595488808,60505.0
92,62.0,423.5322684049703,271.0454668370829,57271.0
92,39.0,424.01417370509193,271.16195986927266,56216.0
92,53.0,423.82872044835466,269.91686035312097,65370.0
92,59.0,422.33515197211824,269.80845292895333,68634.0
92,85.0,422.07971663451855,271.06562676359164,57791.0
93,38.0,23.06962587029412,16.893241088578595,53386.0
93,37.0,23.210743541639708,16.897111668082097,56325.0
93,35.0,25.096383965806066,17.248570213184177,51414.0
93,36.0,24.20878225832512,17.169822279858536,53481.0
94,27.0,352.89818683265344,108.82482956157075,54879.0
94,28.0,352.47415181710454,109.02197507392,52356.0
95,28.0,330.6662724407871,300.8183019321692,55484.0
95,27.0,329.69601585946896,300.9829792685353,56598.0
96,36.0,332.92678982950497,425.9972837703507,53588.0
96,35.0,330.4926182971158,426.4579318092843,53587.0
97,32.0,319.984336797667,312.9936718117571,54697.0
97,31.0,319.07579731570536,310.3231632454806,55538.0
98,34.0,268.6388546618058,378.89304387300893,53692.0
98,35.0,269.3009752524292,379.1593946189011,54521.0
99,50.0,318.66738824379996,301.25584730553186,66085.0
99,54.0,319.7540955067866,300.92770165233054,62941.0
99,47.0,319.95130605474964,301.00525376040486,69716.0
99,52.0,319.597534600071,302.7088380655523,67744.0
99,43.0,319.0419126015716,302.80457809242967,67608.0
99,46.0,319.5649500247126,300.83196287742015,70159.0
99,49.0,319.18367775789153,301.63704060514624,68083.0
99,56.0,318.86580741053166,299.8229420179808,65841.0
99,42.0,319.01744881044846,303.94854446441536,68419.0
99,40.0,318.1593916532924,304.1889344817158,68596.0
99,55.0,318.8978354335142,300.1281928022857,66287.0
99,51.0,318.7700045404497,302.85309724719775,68051.0
99,48.0,318.3031504059985,301.66589952876325,72637.0
99,45.0,317.25308533303297,301.0067341783173,68855.0
99,39.0,318.84495805782956,303.64386408594424,63847.0
99,44.0,319.1021076428032,301.02074416336706,67134.0
99,41.0,318.9425618839298,305.35039033557615,66518.0
99,53.0,319.2149728880464,303.19303324666276,67839.0
100,41.0,360.51457666921357,457.5934894853707,53005.0
100,39.0,359.2461261388092,456.81892929961623,53241.0
100,40.0,359.891170208178,456.9184314139288,54197.0
100,42.0,360.65986672614724,457.0922183931206,54579.0
100,37.0,359.1205364537513,457.5474551858234,54341.0
100,38.0,359.0047903116946,457.21484656481124,53444.0
101,39.0,350.48780009841533,100.70320821707013,55593.0
101,40.0,351.65457929484876,100.78953026352656,57900.0
101,41.0,351.1903149401598,99.99327576032323,55932.0
102,41.0,264.9719078491613,109.1293067995075,55824.0
102,40.0,265.18266478743885,108.57493454011922,55158.0
103,41.0,199.000890333287,121.3777409641759,63371.0
103,40.0,199.44461998238674,121.02214816701927,60024.0
104,38.0,238.47066017258527,166.62881694544498,58668.0
104,39.0,239.49458073815578,166.47119602534616,61548.0
104,40.0,240.86262348518645,167.26932433573896,56212.0
105,38.0,173.89817070131318,279.1311503959687,55053.0
105,39.0,172.68202513998128,279.4766890692258,56446.0
106,37.0,308.11909967553197,408.0177275473252,56461.0
106,38.0,309.2968205892739,408.81424964940925,55616.0
107,39.0,32.08110462830208,197.091036132671,55769.0
107,40.0,31.21240206831806,197.13625892983603,54059.0
108,52.0,154.2633606623688,103.26869709340681,54333.0
108,48.0,153.4884477728696,103.33143547614837,57599.0
108,45.0,154.20869046683435,102.92194997956562,58629.0
108,43.0,153.4600237649741,102.20745459027916,55612.0
108,44.0,154.0823189079835,103.65587796033776,58424.0
108,46.0,152.2424741228755,102.20309690539453,56911.0
108,50.0,153.44445140752993,103.17420015321257,57816.0
108,42.0,154.8663266053442,100.61010548885533,57511.0
108,49.0,153.63690812521708,103.3652618992823,58408.0
108,51.0,154.9652058891882,103.7341937638599,56202.0
108,47.0,152.62557262895106,102.41164320439474,56693.0
109,42.0,365.70102647526454,93.50901306879558,57062.0
109,45.0,367.1498392339215,91.96890315274403,65576.0
109,43.0,367.0,92.0,58123.0
109,44.0,366.8178523956784,91.97181865510154,59200.0
110,43.0,353.5132765082148,111.06701250990093,54361.0
110,44.0,352.5174743763552,112.1062248939011,53338.0
111,44.0,244.6865279804674,372.45791530933946,57199.0
111,43.0,245.4142121716302,371.74723530018207,56805.0
112,45.0,89.13074026711566,502.0324190607598,55870.0
112,44.0,89.27665131410272,501.0720873924581,53895.0
112,46.0,90.26224973425062,500.37520086071845,54151.0
113,47.0,401.93930357103784,228.22917893840452,59916.0
113,45.0,403.9470545760488,229.355337092183,58844.0
113,48.0,402.75347756447275,228.48038495197486,57483.0
113,44.0,403.6225865295119,229.30654604196732,60163.0
113,46.0,404.194367498604,229.30658152627777,57069.0
114,45.0,358.9931911107613,456.5818922668193,53743.0
114,46.0,358.82664572831857,457.08860800069397,53216.0
115,45.0,440.9519039306074,287.1630706982518,54638.0
115,46.0,441.2730172913945,287.3153572045049,58327.0
116,46.0,274.4092438596757,314.1837723604319,60298.0
116,45.0,273.9751071871281,312.94604784556896,60417.0
117,46.0,343.9991739382686,426.86514680816964,55487.0
117,45.0,343.6318596243888,426.24966486893493,56122.0
118,42.0,464.4628003907669,33.493522575526214,54547.0
118,43.0,464.1495024036081,33.755365665452985,53262.0
119,43.0,126.99122512449011,295.7641666168609,55681.0
119,42.0,126.49020261169781,297.0883535220887,55256.0
120,48.0,335.77722630181927,475.9368951605945,53668.0
120,49.0,336.16506400412055,475.3115437716322,56763.0
120,46.0,336.5615482752801,474.61344862613447,57000.0
120,47.0,336.57716577511275,475.9062927857649,56186.0
121,47.0,250.9592824973129,230.30296667563005,59107.0
121,48.0,251.74815950601277,229.44871477423078,59437.0
121,46.0,253.12253927077163,229.67736473600374,54830.0
121,49.0,252.49418061636598,228.81119130803975,58117.0
122,48.0,357.2791638146134,102.32047086780395,62781.0
122,49.0,357.7773892957528,103.06130530133682,64250.0
123,47.0,235.19364091275295,193.05302252212374,54367.0
123,48.0,234.34891277697764,193.2329426259242,55860.0
123,49.0,232.24828088046044,194.33400358824812,56828.0
124,49.0,459.48163565014636,14.167636911282614,59823.0
124,50.0,459.5491209151188,14.402819833338565,56171.0
124,47.0,459.26470096887516,17.68290865087655,55345.0
124,51.0,459.99212371919356,13.907055878097122,54888.0
124,48.0,459.62735529091435,15.69788600102029,56217.0
124,52.0,460.98284510735107,13.49459391998873,56015.0
125,56.0,493.07044913319555,46.50673363810504,59174.0
125,82.0,492.3232712268319,46.60582284978207,57061.0
125,51.0,491.97336567690405,46.74410262009251,58015.0
125,112.0,492.2849887191989,43.86810050946925,57075.0
125,92.0,491.93693794290067,44.754151213901196,57081.0
125,64.0,492.82395583964274,46.318594191003605,56483.0
125,99.0,492.3962615194155,45.774555734370445,56416.0
125,70.0,492.3507655995462,46.07015310505166,57948.0
125,106.0,491.2517316820938,44.466845754837514,58129.0
125,75.0,492.15970203920585,46.52843315190919,58773.0
125,84.0,492.62347464381907,45.885775523770825,58102.0
125,58.0,492.99471973070797,46.94503408962457,58183.0
125,91.0,491.81375884784046,45.132188841614486,59649.0
125,98.0,492.02155743871907,45.595614958612884,57666.0
125,52.0,492.70570237195074,46.925142860004755,58450.0
125,95.0,492.2000344826206,45.57108343908825,58939.0
125,110.0,491.88359769136554,45.28114223443782,59189.0
125,80.0,492.0867980416876,46.921449878087806,58630.0
125,49.0,493.0959400450033,46.9184341674935,58573.0
125,74.0,492.4010557279532,46.5463694819098,58077.0
125,89.0,492.15549598671555,44.71202919787745,59295.0
125,57.0,492.849319192117,46.991647708301514,58591.0
125,104.0,491.5899135243727,44.243181160853624,57472.0
125,63.0,492.6794178985558,46.89034423932507,56829.0
125,68.0,492.6726795020226,46.27612183065812,56220.0
125,96.0,492.2651454885143,45.27947906640087,56838.0
125,83.0,492.74655068285347,46.24770885977997,59590.0
125,111.0,491.93179275517707,44.82737153051718,56852.0
125,50.0,492.81454393301715,46.83556075140071,57546.0
125,76.0,492.09672093887974,46.42459083797094,57802.0
125,88.0,491.9344423031132,44.9601051179898,58732.0
125,67.0,492.34993360681716,47.01420393404399,56668.0
125,97.0,491.8788264659633,45.92691894365431,57204.0
125,105.0,491.67046620639405,44.421723517943576,57177.0
125,86.0,492.2862826392181,46.40423164660088,58989.0
125,94.0,491.97936864387395,45.95882604535367,58002.0
125,65.0,492.67390900998294,46.07451224055271,56519.0
125,101.0,491.40883830995347,44.943723003895755,57680.0
125,55.0,492.88653503606434,46.72815177447281,58114.0
125,60.0,492.47154920064025,46.832979603270644,56384.0
125,72.0,492.4686606649926,46.432203713180414,57855.0
125,81.0,492.4920207914555,47.00941191505117,59693.0
125,93.0,491.86525122313975,45.581332330502164,58489.0
125,48.0,492.4854954741613,47.060051196375625,58497.0
125,102.0,491.71613152907355,44.27738098909926,59389.0
125,87.0,492.7626974442951,45.877683821950306,60070.0
125,109.0,491.7555633362279,45.042279552321354,57810.0
125,61.0,492.45751465050074,46.909430339432575,57936.0
125,71.0,492.7285578094897,46.74355995959237,58606.0
125,79.0,492.0702742829103,46.99758920180159,58531.0
125,103.0,491.89576531757103,44.48663215513655,59835.0
125,54.0,492.92590204987516,47.09058550971825,58141.0
125,66.0,492.87538254104544,46.30614144582293,57312.0
125,73.0,492.855509979416,46.25749807415132,57027.0
125,77.0,492.03567362024387,46.471744920395565,57071.0
125,62.0,492.840283912574,46.680812302927585,57061.0
125,107.0,491.41532081963607,45.09459200081361,59028.0
125,90.0,492.05285987822344,45.985617321522504,60689.0
125,85.0,492.3251333137482,45.882252697925665,58809.0
125,53.0,492.79533999817573,46.46519549374403,58841.0
125,59.0,492.70720852187765,47.12688458076225,58724.0
125,100.0,491.8912705895565,45.09460194105351,58471.0
125,47.0,492.78115044710944,46.79431795977549,57014.0
125,78.0,491.74054168969275,46.74799560905258,58633.0
125,69.0,492.79184589538715,46.15302857983002,56944.0
125,108.0,491.87803936545185,44.74673393262222,57685.0
126,47.0,277.4070810999331,318.05105251189923,60437.0
126,50.0,278.43520485739134,317.02689477645123,60602.0
126,48.0,277.18372051262344,317.1027624566835,61156.0
126,49.0,278.276701805204,317.52345098641626,59402.0
127,54.0,341.86918396450085,278.00051534146854,59865.0
127,55.0,342.3989374522362,279.62138049714054,55175.0
127,51.0,341.03337831809495,278.41805465581297,56229.0
127,52.0,341.95391043350014,280.3679744967176,57026.0
127,57.0,342.007677520745,278.3612905802528,57747.0
127,53.0,342.799282606959,279.68843047403874,57500.0
127,56.0,342.3991973696814,278.4660116534283,57176.0
128,51.0,384.78947020947703,473.06128003725814,55325.0
128,52.0,384.5245867605593,472.3924997582927,55239.0
129,52.0,312.22649964520804,499.10934685158537,54800.0
129,53.0,313.15615531974356,499.9928949235077,55604.0
129,50.0,313.0618217461204,499.43328673342404,53650.0
129,54.0,311.9651812402501,499.5163461213959,56310.0
129,51.0,312.15497923140197,499.1367344252939,54172.0
130,58.0,194.82625893938936,114.03371463458191,55269.0
130,52.0,195.22975385979584,115.325359972035,66622.0
130,66.0,190.5168448413029,114.8703922398444,58614.0
130,67.0,191.02790090393796,115.03083541474892,58433.0
130,55.0,195.48572052249514,115.24808749880822,58384.0
130,65.0,191.79569655198028,114.77028259664064,58065.0
130,56.0,196.24469825107062,115.59984633097886,57991.0
130,60.0,192.40539354442947,113.70099695772781,53591.0
130,51.0,194.56857380345107,115.45510123873761,62214.0
130,62.0,193.10702416543603,113.05955825512854,57166.0
130,57.0,195.85835214286777,114.74197144048891,59054.0
130,64.0,191.16420099473874,113.86201908091441,56429.0
130,68.0,189.90453069520635,116.84948779323284,56295.0
130,53.0,195.8040093489466,114.95174365563199,65413.0
130,59.0,193.78477716771076,113.52452042029562,55262.0
130,63.0,192.70748685567173,113.29327672695311,55858.0
130,70.0,190.61521490725752,115.54176473062141,56539.0
130,50.0,193.58901015461217,115.879119091845,61333.0
130,54.0,195.7170821184203,115.68225176869595,64929.0
130,69.0,190.89480398510327,115.54171055269133,57115.0
130,61.0,191.7315422725697,113.95095309150734,55080.0
131,76.0,124.64445142519405,110.97384182475494,65495.0
131,88.0,125.21548801455887,112.92729507061347,67902.0
131,67.0,123.68614892960407,109.90126254183541,69035.0
131,56.0,124.60269855981316,110.77104559694743,66391.0
131,86.0,124.82195852101003,111.91601393448111,67403.0
131,55.0,124.77826977257507,111.0762273301728,64543.0
131,65.0,123.98062619035072,110.55837582046269,66191.0
131,72.0,124.19129651722707,111.12009862802027,66488.0
131,60.0,124.18959416250364,110.89035786377931,66274.0
131,82.0,125.10185339605108,110.2338442137557,65842.0
131,81.0,123.86132045331756,109.99391992973844,65699.0
131,51.0,123.36754944832022,109.98735307245626,67430.0
131,75.0,125.06372474681388,111.24273027436905,66535.0
131,87.0,124.98019437677573,112.41699753487434,68263.0
131,64.0,124.73705238180773,111.07878430154383,66351.0
131,70.0,125.22400917015395,110.45160369988457,66620.0
131,79.0,124.48804392780337,110.42387691151795,63746.0
131,71.0,125.37039455358489,110.14041324687247,67264.0
131,54.0,124.39943224288808,110.32293646372437,64741.0
131,61.0,125.28177523852725,110.84416834348733,64615.0
131,84.0,125.2180409806017,110.1013174665741,67481.0
131,58.0,124.05503740579009,111.094721626344,67667.0
131,66.0,123.79318063276284,109.89624266955589,67917.0
131,91.0,125.58057967688184,112.50329782417653,63311.0
131,52.0,123.49108904423385,109.70018467945327,66473.0
131,73.0,123.86389155180126,110.46770359395578,66270.0
131,77.0,124.1074809497374,110.10256483499798,65888.0
131,89.0,125.48068072270182,112.63606124301516,65265.0
131,80.0,124.31661442126286,110.06770308398033,64043.0
131,74.0,123.96300770333822,110.30087015866793,65313.0
131,90.0,124.83916295263334,111.96558653009538,66540.0
131,57.0,123.77815823891868,111.2619165019264,71881.0
131,62.0,125.95179194529838,111.23222492754321,65673.0
131,53.0,123.47947621318374,109.17980624525151,64334.0
131,59.0,124.87426406900966,111.33236445044004,65943.0
131,68.0,124.14978926144875,109.84904265047412,68529.0
131,85.0,124.92623966644959,112.18216701796923,68554.0
131,63.0,125.14135670471669,111.63079956953446,66274.0
131,50.0,123.5055355525637,109.8756294273911,65838.0
131,83.0,125.81173524192671,111.0124325450052,65282.0
131,69.0,124.14339126058114,110.13515041724405,67121.0
131,78.0,124.20985871892006,110.38054896398458,64703.0
132,51.0,384.54257598219885,137.1074921349393,56227.0
132,50.0,383.8347371278682,136.18100241218207,57446.0
133,54.0,282.9868240232446,316.60880172875846,59333.0
133,55.0,282.72653137799614,316.320695951051,65165.0
133,52.0,288.2067152572571,313.72506928408666,53827.0
133,53.0,286.3356579797466,314.6541460104704,53271.0
134,56.0,461.5864891766598,36.04491638607626,54383.0
134,55.0,457.24508544824795,36.31048528641584,54385.0
134,54.0,456.8792303189642,35.17257079674561,54853.0
134,57.0,461.8321070946495,36.18923209094545,55830.0
135,55.0,395.1217553630775,117.48478054926439,56663.0
135,54.0,394.06989816854275,118.82937693321415,54581.0
136,47.0,152.3111931812244,260.2055701633503,53572.0
136,48.0,150.2135188096553,259.8887672297314,53065.0
137,47.0,460.04305296545914,33.35214986348696,53666.0
137,48.0,459.87652067766,35.0281360419467,53758.0
138,55.0,249.0623637387684,239.91408119184572,56864.0
138,56.0,249.53060350548284,240.14774261706265,56870.0
139,56.0,344.2915129656447,305.12147190234674,57286.0
139,55.0,343.8736373734862,306.18448625919945,55815.0
140,55.0,357.7276765658533,102.8091148531168,61499.0
140,56.0,356.7988405257281,102.03035476812543,63979.0
141,56.0,181.85456824337325,231.32213567313167,60619.0
141,55.0,183.47119413832377,232.0543914492903,58042.0
142,56.0,215.78040097013127,202.04429701135163,52593.0
142,55.0,213.97092696627215,202.78650681751168,53361.0
143,53.0,268.6574837508843,321.3822874727616,58360.0
143,52.0,269.06932746625057,321.0724087370458,58701.0
144,59.0,203.84302605172977,50.73944505314879,62738.0
144,63.0,203.54693036127324,50.66739015041931,63903.0
144,65.0,203.2449004047785,49.77586593393928,64770.0
144,60.0,204.0732089128685,51.594828025122276,63857.0
144,61.0,203.91245856148223,51.714483435962954,60862.0
144,62.0,204.0283117758285,51.00497415729023,64102.0
144,66.0,203.78935452899103,50.72434732614475,61413.0
144,64.0,203.1693170975796,50.05359336507031,69306.0
144,58.0,202.46975688867332,50.568402942588975,62548.0
145,59.0,262.89203862132183,372.9212135816896,54122.0
145,60.0,262.3407500879146,370.8196449544728,57023.0
146,59.0,285.94908267039887,62.91379368038465,56686.0
146,60.0,287.03512128912615,64.27252559617703,57889.0
146,61.0,286.3019586377897,62.20177726656451,57686.0
147,57.0,394.3165801652539,117.52541569864863,59102.0
147,58.0,395.76625809588717,118.34117524537794,56186.0
148,56.0,361.77614794096314,85.09602273057811,58500.0
148,59.0,361.366051017763,86.24934952517636,56898.0
148,57.0,361.59299855782245,85.61544309659422,57361.0
148,58.0,361.21750970772916,85.13632794648707,57875.0
149,60.0,344.4107750733677,284.3904006128426,59737.0
149,61.0,343.7768996900554,285.4959415009176,59392.0
149,58.0,348.3854299803584,284.2453327670474,57936.0
149,59.0,346.12607315338585,282.5023671368462,58294.0
150,58.0,264.5581738174019,291.66802921646206,53064.0
150,59.0,266.36956971293927,290.0347282881834,54624.0
151,59.0,275.4754574150401,317.2137423981429,56939.0
151,58.0,276.11730670396867,315.82832334491167,58823.0
152,56.0,339.92304346799267,308.12627833381686,58535.0
152,57.0,339.28791468965034,308.9840682096716,55683.0
153,56.0,300.5147454695231,100.29537002341985,55274.0
153,57.0,300.49936901115774,101.32327716655973,56846.0
154,67.0,124.31036903178457,93.47977716944857,57261.0
154,68.0,126.0,93.0,57772.0
154,70.0,124.75580217132054,90.94690163179435,57834.0
154,69.0,123.78792073420821,91.67427552954828,59096.0
155,67.0,133.186360242378,129.12999193613587,54315.0
155,68.0,134.70693865237465,128.03408829324627,59086.0
156,65.0,477.0982988197674,25.318172967073618,54506.0
156,69.0,476.1537511513773,22.634035616457865,54030.0
156,62.0,478.76108690094617,24.650496413146634,52662.0
156,66.0,476.83031202856057,23.45626621479812,56174.0
156,64.0,477.7777831933525,26.420771069286115,55342.0
156,67.0,476.41627964835334,23.18158023209478,55182.0
156,63.0,477.40578053547796,26.65503806593463,54924.0
156,68.0,475.2682727769624,22.509025016675608,55795.0
157,69.0,82.17268148173511,475.87782322551976,55723.0
157,68.0,83.67641203937247,476.0754217673544,55666.0
157,66.0,81.96455640244933,475.8048061685725,54669.0
157,67.0,82.97357269981318,476.00639350017445,57871.0
158,60.0,304.8283986145674,301.8692370651485,58954.0
158,61.0,305.09751328986493,301.1956848232945,54984.0
159,61.0,305.2895077557682,262.41371356017277,60365.0
159,60.0,305.6429876479525,263.4453772441339,57983.0
160,65.0,430.29371781105135,268.265660847088,60432.0
160,63.0,429.76405106716817,270.1532885940742,60804.0
160,61.0,429.2507419884631,268.88308274554305,59991.0
160,66.0,429.7530643531972,268.30960550091237,60826.0
160,62.0,429.7205207956176,269.6068127281014,61434.0
160,64.0,429.0004518715633,269.52678048386724,60904.0
161,65.0,344.3908802908615,280.82571516771407,58535.0
161,63.0,345.78669858823,281.41688945876746,57844.0
161,66.0,345.4189636465766,280.598776869559,57998.0
161,64.0,344.93171781517486,280.238314533009,58365.0
162,63.0,322.8808871287899,254.12588367725283,64137.0
162,66.0,323.27823083240827,255.28179924569122,66786.0
162,67.0,322.9495392256035,254.96096552923873,65281.0
162,64.0,322.78424487799015,254.79406574940353,65266.0
162,65.0,323.53108350561763,254.24856483981046,64348.0
163,61.0,277.21300333698593,317.59119031418913,58496.0
163,62.0,275.22459411920323,318.85369412809996,56425.0
164,62.0,343.67341250241077,65.99056799085132,52236.0
164,61.0,345.88220095908383,66.93262255140938,58691.0
165,61.0,283.08842513350106,69.06513965808249,60060.0
165,62.0,284.8442540344567,68.51972463562312,62097.0
166,64.0,256.60016817268877,103.0337964014948,55131.0
166,65.0,257.11184282247274,103.31133854648984,55867.0
166,63.0,255.75753818519027,101.69958338179495,57021.0
167,64.0,355.1079400260372,451.91309358140575,55075.0
167,65.0,355.4506785505162,453.12299074147387,54323.0
168,66.0,352.07685373424346,314.5214935325885,53059.0
168,67.0,351.75038098353696,312.179301058063,53719.0
169,70.0,403.9916217180372,212.56050403450803,56740.0
169,71.0,403.79211829090275,213.4152096720191,54398.0
170,71.0,286.8660604271732,291.21608662271973,59369.0
170,72.0,286.9742918655278,288.86719342307924,54997.0
171,72.0,243.01210081627704,375.05471609194063,57878.0
171,71.0,244.22827645716566,377.0512582624486,54092.0
172,71.0,3.682056062942557,164.08983375877273,55017.0
172,72.0,4.006080887581582,164.6645874998782,55379.0
173,72.0,274.5855386333882,317.38386116965125,57545.0
173,73.0,275.24631361035927,316.8485546305304,57132.0
173,74.0,273.7097718797226,317.02469969831293,59234.0
174,73.0,84.24386397653194,476.1287692081203,53727.0
174,72.0,85.98299203379365,476.91879042736963,52982.0
175,73.0,328.8250273947198,87.73736363144741,54775.0
175,72.0,330.03876859199835,87.52676246021052,55140.0
176,74.0,426.24122243663817,267.3105068746853,62945.0
176,77.0,424.98899911013945,267.1183987646783,66641.0
176,78.0,426.19799716212924,266.78413846276646,65850.0
176,76.0,425.78087219376425,265.88258933067476,63694.0
176,75.0,425.24124346782816,267.1261248057967,66766.0
176,79.0,425.45155964571563,266.557970210221,64204.0
176,73.0,426.05812803471883,266.438520367437,64271.0
176,72.0,426.1537634372848,265.46883562072964,56924.0
176,80.0,426.15708767657196,267.56245273415215,64720.0
177,70.0,348.1411818520902,94.35780351529414,56121.0
177,69.0,348.6005158599294,93.85791942034382,57002.0
178,76.0,385.0584660558415,120.41795693005572,60379.0
178,73.0,386.88704109705867,119.25084656377707,55791.0
178,75.0,385.9639033993439,120.6370609179872,61463.0
178,79.0,385.61915022127437,121.84480214877523,60129.0
178,77.0,385.4279997856327,121.46804107676118,58778.0
178,78.0,386.0155300557068,120.71437081578246,65759.0
178,74.0,385.95278066167066,119.35585321633127,60520.0
179,74.0,344.78362244067307,286.02836377208183,56268.0
179,73.0,345.2395125557207,285.07593281583894,54090.0
180,74.0,273.87584044515705,193.58107967586994,58616.0
180,78.0,272.9440074901909,190.88677086216333,60873.0
180,75.0,273.7579884767249,193.01783249738207,61411.0
180,76.0,273.12588386917537,191.61051960823602,61374.0
180,77.0,272.98992178720914,191.11016847946507,61077.0
181,74.0,464.2354393678906,8.558891200370597,55537.0
181,75.0,464.34588821017724,9.072288143485787,55856.0
182,75.0,368.86360139299916,86.87111219251472,56278.0
182,74.0,368.89605057484965,87.49364149045319,58793.0
182,76.0,366.6929062580793,85.93746935845488,53809.0
183,62.0,213.09902638775125,143.68038428045608,62103.0
183,63.0,212.34040332678728,143.5204947042225,54448.0
184,63.0,350.80986674031095,70.58133893459498,60042.0
184,62.0,349.8109495729631,70.15751718017938,58531.0
185,63.0,256.20600219542035,369.8481273632378,55978.0
185,62.0,258.25774895947615,369.85590554683074,56578.0
186,63.0,276.7207873871117,71.55133689258183,57329.0
186,62.0,278.7218378564016,71.25944433498564,55861.0
187,79.0,290.9047572849816,457.9545857591601,53556.0
187,80.0,291.73415471215765,456.91580783880096,55478.0
188,80.0,273.4425172190549,377.8761007030596,56077.0
188,79.0,274.57253337042044,378.84286689590857,54756.0
189,78.0,247.6370916920941,381.3863995016924,61497.0
189,77.0,247.6632193976655,381.4064846025592,61133.0
189,75.0,248.0795646427919,380.11372419625013,58104.0
189,76.0,248.89112308994984,381.0003280453563,58394.0
190,76.0,223.7304962232259,26.772606322782394,54655.0
190,75.0,224.54240475144007,27.108230636734,54587.0
191,76.0,282.79634421868707,103.75216679804275,54031.0
191,77.0,282.9605712469074,104.87417843957293,57675.0
192,76.0,183.81509503856697,87.27061722756731,59887.0
192,77.0,182.2933583272417,87.66066112674949,58177.0
192,78.0,184.4836276478641,87.01196908424005,57627.0
193,78.0,136.8073939564268,179.79156341620143,55083.0
193,76.0,138.37033603453443,180.27738811308356,54661.0
193,77.0,138.01482806911358,180.72333309903925,60163.0
194,77.0,418.8628118178047,277.5528539612804,56691.0
194,76.0,419.3917527217179,276.7045648332052,59781.0
195,77.0,317.15141834355967,61.155508605129135,61479.0
195,76.0,316.45614825228245,60.968351086544644,55275.0
196,85.0,358.92625817766583,87.39925669159983,59517.0
196,80.0,362.5744964448429,85.97867078163426,61058.0
196,83.0,359.5885515546912,85.9014471436694,62124.0
196,82.0,359.93276210729147,85.26816029295132,61057.0
196,81.0,360.7460196419317,85.86343247413558,64390.0
196,84.0,359.11519320725256,86.74032547039823,61905.0
197,83.0,317.7948221552933,280.30006093117504,62432.0
197,82.0,316.8374798468982,280.09377624813146,61140.0
197,80.0,317.8268168983735,279.10934115491136,59655.0
197,81.0,317.54910479763157,279.6740984283498,57767.0
198,78.0,164.8092755177514,174.24505206468274,57371.0
198,77.0,164.67527916314876,171.84897701271305,55584.0
199,64.0,210.69345210177227,42.25177251557995,55053.0
199,63.0,209.12763043901356,42.844699493656464,54835.0
200,63.0,312.19261770919576,58.82461684201403,59384.0
200,64.0,312.4652407622986,58.9960999259155,59201.0
201,64.0,370.8851550196599,127.90494795355042,59755.0
201,63.0,369.3819380172946,128.68090497006503,55995.0
202,83.0,461.27335149333254,30.85891576495646,52626.0
202,82.0,462.5718101840265,33.36262005850975,52756.0
203,81.0,474.9758069557036,294.4658676515479,53273.0
203,83.0,475.92455666743706,295.6915673058298,52742.0
203,82.0,475.46621670260623,295.35540576682365,54389.0
204,83.0,313.84452830662127,60.198727556086986,59070.0
204,82.0,314.6504128534335,59.894350440101576,59280.0
205,87.0,187.89382858503137,84.92074472384934,57299.0
205,85.0,186.66026582905505,85.57113029387692,58337.0
205,86.0,187.02303349313257,85.70624723806024,57282.0
205,82.0,183.83816591734325,86.23466154449125,57713.0
205,83.0,184.82906775901085,86.90328938373975,57950.0
205,84.0,185.66378399231968,86.7014149990834,56947.0
206,84.0,417.39426129200564,232.71315584015724,56152.0
206,82.0,415.38042615233707,233.65506606424302,54350.0
206,83.0,417.287331163791,232.85292174419004,57871.0
207,111.0,429.56269388406906,269.32017149714727,60759.0
207,119.0,428.7858016151742,267.2642920228846,62100.0
207,88.0,430.3675160506032,267.88709333045307,65599.0
207,97.0,430.0684712984494,267.84539216096545,69103.0
207,86.0,430.45670512726775,268.6686798160899,62705.0
207,94.0,429.83052615756185,268.32230985519686,66083.0
207,101.0,429.1581661723556,268.16405186286147,67836.0
207,108.0,430.0624437514531,269.0091727791962,64839.0
207,105.0,429.4870837114078,268.80515332922295,70477.0
207,116.0,429.18041053472376,267.69050851995786,62895.0
207,112.0,430.51039750369824,268.99382608062564,62469.0
207,102.0,429.5903690966185,268.4448398583404,67569.0
207,120.0,430.2515367522102,267.08633899641535,57961.0
207,92.0,430.17628350275487,269.7916097339681,58030.0
207,93.0,429.2419707453629,268.3062696533343,63438.0
207,99.0,428.22165386176215,268.05786482337845,67368.0
207,87.0,429.47104843668916,267.9528442431718,64776.0
207,109.0,430.5855042613137,269.3533466354676,60925.0
207,106.0,429.19068774888706,268.2047565094472,67414.0
207,91.0,428.2959216705771,268.2829848609834,67015.0
207,113.0,429.844655982273,268.3823826680471,64296.0
207,117.0,428.76895735409107,267.06813440502293,59981.0
207,84.0,429.223327742895,267.99732480923365,63468.0
207,103.0,430.48348654290817,266.81809514010797,65744.0
207,95.0,430.05812277301686,268.2174048885823,69422.0
207,110.0,430.1721471417352,268.8884953099414,62320.0
207,98.0,429.6231192417892,268.4844493112485,69131.0
207,89.0,428.73482042716876,268.593291803563,67409.0
207,115.0,430.37925565511944,267.6453401570868,62360.0
207,107.0,429.90449700440854,270.07169196815795,68691.0
207,90.0,428.34746245716235,267.80298575263805,64692.0
207,104.0,430.13952914448316,267.1315991498301,70389.0
207,118.0,427.9547291590261,267.74739152630553,63448.0
207,96.0,429.909077841233,267.0837861868983,68239.0
207,85.0,429.7730115139993,268.3389020869596,62494.0
207,100.0,428.8175614587951,267.72022201390837,70915.0
207,83.0,429.33447848148245,267.07533354862005,63016.0
207,114.0,430.0484739770544,268.35074239388456,61467.0
208,85.0,510.0,509.0,48888.0
208,84.0,510.0,509.0,48109.0
209,91.0,273.18636598632406,191.12509274850476,59439.0
209,103.0,273.8215177652596,192.5133868942708,59930.0
209,105.0,273.4191781410382,192.00629540907812,55076.0
209,95.0,272.48130120352016,192.498239386465,58035.0
209,97.0,272.9243528407005,193.79591490137344,61996.0
209,98.0,273.8308547617893,193.01318560340616,60629.0
209,94.0,273.05936987422797,192.269635040267,57642.0
209,101.0,274.0568614421398,192.3704490400732,59555.0
209,89.0,272.9825541533263,191.6023922833593,56511.0
209,104.0,273.95625291666676,191.94200515448986,59707.0
209,90.0,273.20690683951955,191.55649830210805,60275.0
209,102.0,273.48598835914964,193.05749436297108,59011.0
209,92.0,272.30300150947727,193.0105240245304,59070.0
209,93.0,272.7870212065496,192.4122520172244,61094.0
209,99.0,274.5514320497681,192.40375432796722,59746.0
209,96.0,272.7711136218792,193.67176379211668,59239.0
209,100.0,274.09318689851335,193.2566602046649,62127.0
210,94.0,317.75079179917043,59.10104248847883,63507.0
210,87.0,318.18181854308074,58.66806332663704,60861.0
210,96.0,316.9534493607896,59.942273325498725,57367.0
210,95.0,317.1463404040419,59.15155887872722,63374.0
210,89.0,317.8252849970164,58.31338877236895,63781.0
210,90.0,317.81974717726064,59.05353619306776,65198.0
210,91.0,318.8757247438071,59.18586939186728,66466.0
210,88.0,318.6059597512461,58.50782899876295,63365.0
210,92.0,318.43847375265506,59.03705948234376,65399.0
210,93.0,318.333390703931,58.89202817784213,66420.0
211,92.0,360.0072110269655,92.92854603286082,59998.0
211,94.0,360.2393911669774,93.14739933878548,60568.0
211,91.0,361.5763588448164,93.10961934005306,63888.0
211,93.0,360.99629829302654,92.91161090761439,59580.0
211,90.0,361.00232261989186,93.17993728800346,61336.0
212,87.0,35.04663488870205,480.1910505950001,53050.0
212,88.0,34.537623627437036,481.66139743622847,54099.0
213,88.0,362.1960801225562,95.31340798971345,56284.0
213,87.0,362.4853495329793,95.55814294844504,56118.0
213,86.0,362.6514018281698,95.13755067651293,55241.0
214,92.0,124.96947806014829,106.89457330830783,59692.0
214,99.0,126.11143467500443,106.2404468452784,59340.0
214,93.0,124.65525635337626,106.74179311378822,58361.0
214,96.0,124.7857324312421,104.642088295158,60486.0
214,98.0,124.61662884695512,104.55851598964922,61629.0
214,97.0,124.27332554836305,103.97354896099543,62240.0
214,95.0,124.35780126492288,104.31196240808431,61212.0
214,101.0,127.72370708268194,103.89166337645172,60676.0
214,94.0,124.73197150046231,104.33784281006788,61727.0
214,100.0,126.24604310246731,106.04042092492611,58878.0
215,93.0,386.72592278622034,139.28130172266836,62081.0
215,94.0,385.5699461841408,140.2780224391177,61626.0
216,92.0,185.75353057641345,291.7003134506506,61890.0
216,93.0,185.71889449229394,292.130121295536,59002.0
216,96.0,182.2980136463981,292.90845500993623,59164.0
216,99.0,180.6701540440495,292.54179090293167,57981.0
216,97.0,181.36862923326154,293.5346877620316,57322.0
216,94.0,185.38083438771415,291.1166445978162,60971.0
216,95.0,183.87814394570168,292.5890323118445,58999.0
216,98.0,181.34674183503944,291.3827772493858,55581.0
217,89.0,510.2929755708219,2.366586128295527,49074.0
217,90.0,510.0,2.0,48353.0
218,89.0,98.64543885724055,477.95755796483627,55372.0
218,90.0,99.29179996220104,478.7174215584117,55576.0
219,89.0,192.04496100104495,82.5408267373484,55011.0
219,90.0,191.8060114771479,82.67289488665345,56801.0
219,88.0,192.2502118797761,82.60925915340684,55384.0
220,93.0,138.55666597533374,110.570705494986,59807.0
220,92.0,138.04096331544278,111.53165396075546,56130.0
221,92.0,286.8243727160982,455.7983159829223,57920.0
221,93.0,286.2003029232034,455.79685296772755,57621.0
222,94.0,36.75967991094417,480.8761430155679,55403.0
222,95.0,37.88332372981852,480.3580244468149,56372.0
222,96.0,38.18919519686482,480.68255529092914,55933.0
223,96.0,375.8677878211427,356.86229577203113,58298.0
223,97.0,375.9291781945851,357.3919154818954,58962.0
224,102.0,353.1118159714797,313.061520618583,62251.0
224,97.0,350.00009190824994,312.6402959975371,56268.0
224,104.0,354.0082991898448,312.62326272736516,60287.0
224,103.0,352.415199055456,312.27710050385275,60085.0
224,100.0,352.28128913133634,312.71252855714937,59294.0
224,96.0,350.70956858341935,312.61671388263653,55561.0
224,99.0,352.6873288470523,312.2527275488314,57106.0
224,101.0,352.82538211513184,312.8876044259497,59593.0
224,98.0,351.9927120802894,312.12751740948465,57278.0
225,96.0,196.81957805800906,82.3332274411277,52691.0
225,95.0,198.06639843443898,80.07673913520355,53575.0
226,95.0,255.7526085646244,371.6787973806638,54530.0
226,96.0,253.0699835422066,371.5457954801072,59053.0
227,101.0,196.6770936616068,81.43601818160556,53352.0
227,102.0,194.98928502253807,81.15882813758563,53381.0
228,102.0,2.544554400152588,484.5122720692958,53148.0
228,101.0,2.380203485361666,482.6760264144308,56080.0
228,99.0,2.309161969188013,482.164408157463,56249.0
228,100.0,2.3189911678222614,480.9748565944088,56352.0
229,102.0,410.0000200545473,232.00690628142112,66896.0
229,103.0,409.81051249759827,230.82902158778077,59372.0
230,100.0,166.98927593213418,120.16028056452079,57327.0
230,99.0,167.40683769199816,117.93807547055059,62212.0
231,106.0,370.59969827233675,85.64740626500267,59799.0
231,103.0,370.55706169769076,87.00791510673515,63392.0
231,104.0,370.9123504305217,86.86882049999515,64205.0
231,105.0,370.4792707502538,86.83059634899845,62350.0
232,106.0,33.34667750474902,494.382079167371,54194.0
232,103.0,32.72680892489336,492.63223386109064,57923.0
232,104.0,33.265667210118835,493.3012483439317,57993.0
232,105.0,32.9330429553755,493.7342895195903,55981.0
233,104.0,126.88515160033005,104.3561889714061,60726.0
233,105.0,127.08103270577033,103.00045698454373,59145.0
233,103.0,126.19937767996475,104.7112714776161,59431.0
234,98.0,192.04525939087816,84.53192815975902,55819.0
234,99.0,191.1237805695526,84.86688930206891,52789.0
235,98.0,38.088583914124754,479.8549384582029,53355.0
235,99.0,37.19277435429265,479.00438627579155,53620.0
236,98.0,159.02152301019734,119.60761160894721,56784.0
236,99.0,158.67444592079394,119.80884482333481,56768.0
237,99.0,254.9462392816084,112.27633743786974,55717.0
237,98.0,255.22849767826898,113.1426266855902,54004.0
238,98.0,258.00816438374864,371.0973974115816,59355.0
238,97.0,258.8159164744818,372.03034431693777,59363.0
239,105.0,127.12674368950837,105.93180895921152,59577.0
239,106.0,127.1521836030075,104.95128856840233,60278.0
239,107.0,127.13341759360927,102.90489998150558,58922.0
240,105.0,381.7825299992037,120.21832067260218,58352.0
240,106.0,384.2332634662295,121.58840343683988,57808.0
241,106.0,509.0,1.0,48477.0
241,105.0,510.0,2.0,48937.0
242,106.0,290.01528445101934,477.3592151927998,57496.0
242,104.0,287.24941909935376,478.639640752267,55220.0
242,105.0,288.9538660782116,478.0331546350032,53006.0
243,108.0,346.6079922851005,96.50267371644917,59284.0
243,109.0,346.0504878934419,95.34317897706492,54112.0
244,113.0,124.98504240373843,104.48545743170533,61947.0
244,108.0,126.0720534130898,105.72866600817652,61786.0
244,109.0,125.2848011241799,103.98560126012701,63968.0
244,110.0,125.28885836928059,104.7837220316576,60897.0
244,111.0,125.76495624211594,104.54662045518563,60468.0
244,107.0,123.82846445141655,106.19956352106774,59232.0
244,112.0,126.33030122297272,102.9456276913084,58584.0
245,108.0,246.28130514948515,215.56371744654572,61285.0
245,109.0,246.11371086435597,215.7746298534857,57540.0
246,132.0,423.23092883086406,267.3874039035738,60755.0
246,114.0,423.15510049229,268.8659727902892,70722.0
246,111.0,422.9731906219065,270.6766626288521,65909.0
246,150.0,420.7671330344793,267.8251306435717,60160.0
246,123.0,423.9621873631573,268.8223667971995,62262.0
246,141.0,421.35495195461493,267.84669134793165,64159.0
246,145.0,421.13595384871604,267.95715035873593,60969.0
246,119.0,423.87809951281025,268.34451989042503,69346.0
246,136.0,422.8248605565044,268.76332480801204,66363.0
246,108.0,422.31861067524636,268.8306414169993,61095.0
246,137.0,422.2226884872165,268.94413119985967,73330.0
246,147.0,421.4803548786174,268.0159688951639,61439.0
246,149.0,421.1318847351116,268.2591144225024,60635.0
246,128.0,423.22692797383263,267.76676107258965,62093.0
246,131.0,423.28322380306236,267.65638148456617,60190.0
246,112.0,423.61431309317936,269.4827636328186,69115.0
246,116.0,423.13319527717863,268.6249238708888,70806.0
246,124.0,424.0439078129532,268.92999274729675,60968.0
246,142.0,421.7252597131065,268.29779248143393,65613.0
246,120.0,423.9214158283714,268.1050066821385,61462.0
246,109.0,423.0630089254619,269.31463461073605,64647.0
246,133.0,423.1613575104972,267.6252490074362,61746.0
246,138.0,421.9641952562198,269.4402859429538,71408.0
246,106.0,422.5534735263562,268.50298288799837,64611.0
246,129.0,423.55884912528893,268.06242235759686,61206.0
246,151.0,420.8096723284002,267.39710452639457,61609.0
246,121.0,424.3382683605926,268.2154251663676,61773.0
246,126.0,423.52534464346934,268.0339643987195,65024.0
246,146.0,421.20898232318905,267.87496975402246,61670.0
246,113.0,422.94393560802735,268.98761423994563,68671.0
246,117.0,423.16336401179467,267.8183746038955,72836.0
246,139.0,421.92126105991116,270.15962578184866,67181.0
246,143.0,421.73140598998316,268.25256349279925,62447.0
246,135.0,422.75732177209585,268.2931892963178,72299.0
246,110.0,423.6205607561974,269.7110475247255,68580.0
246,130.0,423.27941337138316,268.1324006384213,62005.0
246,148.0,421.2472637225381,268.1679706428021,61573.0
246,125.0,423.59058745511453,268.4110813069809,67267.0
246,115.0,423.06498485352625,269.08368324756213,70741.0
246,152.0,420.86775266596356,267.9636073528325,62394.0
246,118.0,423.18065728342765,268.19999678557264,74347.0
246,107.0,422.632941617985,268.89147551841234,64006.0
246,122.0,424.12368856334365,268.91020873597915,61949.0
246,144.0,421.7357598453778,268.1504571081618,64716.0
246,140.0,422.0476180936328,268.8646690675665,63526.0
246,134.0,422.92789678211255,268.2936956126826,67870.0
246,127.0,423.6015591750529,267.9985324496562,61973.0
247,109.0,252.62466226932827,63.966417291737606,59943.0
247,110.0,256.6290114410958,63.8914069828782,56140.0
247,111.0,257.7617460261925,64.48697119607827,57734.0
247,108.0,252.82134826757624,64.31777435446799,58316.0
248,109.0,247.60543879941093,370.744674873905,59024.0
248,110.0,246.52682529546493,371.6102364016513,58324.0
248,108.0,247.63545588782395,370.92189489277916,54959.0
249,109.0,269.77523392209554,83.10115492903668,60271.0
249,106.0,271.3828411160936,81.65926527145224,60941.0
249,107.0,271.2116431701026,83.57111862110716,58029.0
249,108.0,268.3809820472827,83.90073715936482,55766.0
250,106.0,508.6599056098204,51.648186525123855,59147.0
250,107.0,508.23669435158035,49.26981854551529,56486.0
250,108.0,508.5915143567717,48.83749781451373,55523.0
251,108.0,372.5859100264643,89.7482480229296,62136.0
251,109.0,374.0287145603744,86.8854111252887,61438.0
251,106.0,372.80242162513275,89.47038230465435,61442.0
251,110.0,372.8453297483041,86.43947525087228,62194.0
251,107.0,372.65648955923336,89.9986921062737,60479.0
252,106.0,378.67848970683474,111.82396899233412,56603.0
252,107.0,379.221155737572,111.11195513565846,57164.0
253,107.0,389.1966068362113,121.69265756907042,59359.0
253,106.0,389.59084274905473,122.03890404932375,56987.0
254,110.0,98.17926123086355,481.98202806538944,57582.0
254,111.0,98.79583861973434,480.74792429104895,56946.0
254,112.0,99.6793737040318,479.50825586809856,56527.0
255,110.0,370.6442114138343,81.61040549657768,59075.0
255,111.0,372.7388098919885,82.64601697308927,60046.0
256,113.0,358.0963475162211,96.79917307291954,60029.0
256,119.0,359.5530532277116,95.82614670871226,61620.0
256,121.0,360.59796400398204,96.40271400872724,61294.0
256,116.0,358.3246517048867,97.41759207916364,59493.0
256,115.0,358.6943056091723,96.97541593448618,58967.0
256,125.0,361.0222558960945,96.02493939968123,62970.0
256,112.0,357.9917795207811,95.17211739215709,61952.0
256,118.0,359.89509911811484,96.12810594661173,61650.0
256,122.0,360.2486025834551,95.82805831374667,59979.0
256,124.0,361.04238771087944,95.62496528250666,66082.0
256,120.0,359.9651798990963,95.13633234363418,59105.0
256,127.0,361.14693753121156,95.60896336502283,62442.0
256,111.0,356.8636983769945,96.77497323414796,56760.0
256,114.0,358.2562184098356,97.25585879055195,60861.0
256,123.0,360.3064748964763,95.68767690149402,63348.0
256,126.0,361.22451981962905,96.07552682559836,62268.0
256,117.0,358.60768905012844,96.09885567083658,62529.0
257,116.0,373.59384609812844,84.84186211127673,57884.0
257,115.0,374.23455566604815,82.64038774555699,61070.0
257,114.0,374.5635361742804,81.92079125807928,60566.0
258,119.0,143.0755220510846,160.37846796703306,59199.0
258,121.0,141.54000994546587,159.31035781601432,57087.0
258,117.0,140.92569907786012,162.6461466017303,59196.0
258,118.0,140.5588318539033,160.8309437128477,62163.0
258,120.0,142.1667884282226,160.06207353449943,57372.0
258,114.0,142.5423867174023,160.17727802769693,55812.0
258,116.0,141.922268317736,161.87565143846294,59030.0
258,115.0,141.77419656467634,162.77060908384016,56656.0
259,115.0,145.13602368786215,181.7642183842181,58894.0
259,114.0,145.31971352091458,182.5002047973372,54447.0
259,116.0,145.58138399754236,182.80402348371956,56501.0
260,117.0,381.1447445266537,138.51158694231273,62414.0
260,118.0,379.7986192631428,139.8138369979003,61138.0
261,117.0,151.1739775488555,182.37445269655123,61805.0
261,118.0,150.9948823010139,182.89210329889883,61868.0
261,119.0,150.84510379278288,182.9402772183976,63453.0
261,121.0,151.92550995678175,181.2773658652119,62490.0
261,120.0,151.02673011445086,181.89467618993157,62355.0
261,116.0,149.4251916351078,182.44849158441298,59647.0
262,129.0,318.7803923105338,299.07534434400003,65605.0
262,133.0,320.71872838119134,299.28926774989765,60810.0
262,132.0,320.0995541001873,300.17116895980587,59658.0
262,127.0,318.50526310512106,301.5211776499283,63701.0
262,123.0,318.89887611837537,297.73120281925986,64443.0
262,121.0,318.06166443830733,298.44834724712143,67457.0
262,126.0,319.060000328094,301.39440772575904,63210.0
262,117.0,319.21199649397795,298.2629749418566,66226.0
262,119.0,318.17529916173044,298.26001639816616,66889.0
262,135.0,320.92948585800445,302.0769164848146,60132.0
262,125.0,319.6529584982762,299.76217387167395,63832.0
262,130.0,318.26519583296124,299.0259079409378,64210.0
262,124.0,319.5042704137425,297.9901934577494,65447.0
262,128.0,319.4597493378152,299.85156173981665,61453.0
262,131.0,319.0482968195404,299.29957117597684,63118.0
262,122.0,318.286274382543,298.8803633706844,66951.0
262,120.0,318.3058564482236,299.4841300332502,68024.0
262,118.0,319.08442978314855,298.63852706515263,68239.0
262,134.0,322.06464929001964,302.3600136835297,58790.0
263,117.0,417.67192023549865,360.7271726833603,54537.0
263,118.0,418.44704077493185,360.31043301727686,59224.0
264,119.0,125.53098157660676,101.41766229530745,62746.0
264,136.0,123.47418464331156,101.71787420910348,63725.0
264,116.0,124.78222442234593,101.94932604530548,67655.0
264,128.0,123.44075993446396,102.15897727310214,64364.0
264,131.0,123.58719517581852,101.93355974510371,63082.0
264,137.0,123.221250405189,101.43825498371282,64903.0
264,124.0,123.26741523402004,101.85303951783965,62985.0
264,120.0,125.4016735140673,100.84651230534203,64800.0
264,138.0,124.12922460809425,101.04856847403249,64880.0
264,133.0,123.05202467807688,102.17768120058504,64390.0
264,129.0,124.06070096731523,101.79742440393592,63811.0
264,126.0,123.3319995529073,102.44747133651592,64120.0
264,117.0,125.54752907116091,101.93223817837878,63850.0
264,121.0,123.76086490474735,101.69227978114047,63598.0
264,139.0,124.70089741495619,101.09383634200223,65587.0
264,135.0,123.93383335623614,101.39797885226345,62816.0
264,130.0,123.7150600890643,102.22843496586708,62889.0
264,122.0,124.75840059952985,101.91254963271561,65212.0
264,115.0,125.22477960969064,101.96192217110035,66598.0
264,125.0,123.51584480838295,101.17127507466721,62756.0
264,118.0,125.18631292015777,101.21103492524647,62680.0
264,134.0,123.48319899529982,102.45042699873044,63032.0
264,127.0,123.55507963295335,102.69672684813777,64417.0
264,132.0,124.03567424933333,101.53129629966615,62148.0
264,123.0,123.82120645532406,102.88321259146454,62500.0
265,108.0,0.0,484.0,54424.0
265,107.0,0.0,484.0,53456.0
266,115.0,306.3434634070601,311.95464363037416,55701.0
266,116.0,303.61631804114484,311.364919081379,55208.0
267,115.0,322.772231942618,346.83491907856984,56334.0
267,116.0,323.09383695101434,348.0466566138811,54803.0
267,117.0,322.0345587099805,347.73238509213945,56213.0
268,116.0,373.02350855744584,88.1071058271757,59635.0
268,115.0,372.3506261532709,88.06421034940597,59660.0
269,118.0,304.8889454365126,357.7397574552821,55486.0
269,119.0,305.482421359803,355.68497453210045,55901.0
269,120.0,305.29031705750384,357.1625194486181,54181.0
270,116.0,355.00576530885166,244.526792283569,56804.0
270,117.0,355.8330364754051,243.47816866902662,53966.0
271,116.0,430.9826183991027,280.56174417177397,57310.0
271,117.0,431.2106165547419,279.9203404485495,56005.0
272,117.0,418.9658273348419,357.04086253101883,54671.0
272,116.0,419.0734054118465,358.81572365930293,56224.0
273,119.0,319.7095608435615,342.03758298837533,66443.0
273,120.0,319.02960286428885,341.97372723181843,60403.0
274,111.0,386.2389246613524,252.49565854878676,56922.0
274,112.0,388.8730016628663,252.60668087699554,60744.0
275,111.0,307.89398795673844,311.42069448916095,55092.0
275,112.0,306.95890853042164,311.1248046829935,54133.0
276,111.0,244.0587597090894,380.533871173752,57097.0
276,112.0,244.0128062050175,380.25085545798316,56504.0
277,126.0,163.5085227154686,170.48102356398365,56511.0
277,127.0,162.28045650382353,171.01838608096116,54791.0
277,125.0,164.05840059409906,170.02503688124762,56800.0
278,126.0,142.68992728329695,159.76954626928367,62119.0
278,127.0,142.11280249621873,157.88265343783698,61934.0
278,125.0,142.6067684918938,159.73276929527233,58432.0
278,128.0,143.41819255304992,157.76898596692956,57031.0
279,124.0,471.36099053221915,44.527754837287915,53302.0
279,123.0,472.94272997909036,45.04759340597377,55096.0
280,124.0,265.71705698883125,119.97474723376956,58315.0
280,123.0,264.34479336905764,117.73963030748281,60143.0
281,125.0,253.5364155488796,369.4530212771809,54247.0
281,124.0,251.2512773895498,368.011718203524,53870.0
282,127.0,418.50898037096545,359.7506163693632,56865.0
282,126.0,417.994088110086,359.3061771722988,59665.0
283,127.0,256.56348187802473,143.91593702417978,55259.0
283,128.0,256.6722664296125,144.277585748387,55435.0
283,126.0,254.3642329040093,144.74966634255762,56521.0
284,133.0,283.84945687792015,393.0801969823519,59354.0
284,137.0,283.0493107688128,394.44731957812036,60699.0
284,130.0,284.1927517088172,393.50993885876653,61277.0
284,129.0,283.8037079321077,392.2347269679791,57949.0
284,131.0,283.8349588632536,393.79840933728957,59346.0
284,132.0,284.29573491593845,393.70975007612105,57230.0
284,139.0,282.36544824219703,395.0078834557175,59983.0
284,136.0,284.1641417137515,394.5534789797971,59312.0
284,135.0,283.35881389508745,393.80428381879057,58689.0
284,134.0,283.6425906815808,393.6609307817591,58672.0
284,138.0,282.76046711277417,395.87035344628333,61380.0
285,129.0,322.79483038649346,107.64587849709739,59593.0
285,130.0,323.14625693111606,106.9143517629506,60902.0
285,131.0,323.678599249287,107.03014950166886,61790.0
286,128.0,407.76953800612944,248.61436525494213,56917.0
286,129.0,406.2711259835846,248.738400230735,56960.0
286,130.0,404.8716224057775,250.15014392731987,57270.0
286,127.0,407.2216007377212,248.36886223349475,56723.0
287,131.0,434.6612146596239,228.21703833656198,56512.0
287,130.0,435.01933936501666,226.6620095674465,57747.0
287,129.0,433.08602444102223,228.485923138504,56723.0
288,130.0,465.5138995013298,24.863277003245067,56968.0
288,131.0,464.5080990917241,24.687048474250407,56103.0
288,132.0,464.77173701873835,23.09242286117748,59036.0
288,133.0,464.4957625310901,23.087495678508088,56445.0
289,136.0,464.53973786873127,36.19374276508436,56537.0
289,134.0,462.5348024214968,35.89485816312689,53513.0
289,135.0,462.96894642560704,34.374685501533754,53035.0
289,138.0,465.11604360732963,35.859468660968325,56809.0
289,133.0,464.25788715970896,34.66082795488612,53777.0
289,131.0,462.87254290199104,33.99864888474025,55054.0
289,132.0,462.25582387060393,34.09666712947308,53915.0
289,137.0,465.37553488815007,35.997071163053356,55776.0
290,131.0,138.96417285520855,111.34770074683657,57424.0
290,132.0,138.34902131669432,111.03792370773608,58939.0
291,122.0,254.16973585320574,370.6313566510246,56332.0
291,123.0,256.2091478585448,369.9399078608873,54904.0
292,122.0,204.60306446704524,93.82631897114935,53938.0
292,123.0,204.06642869347087,93.7591687278529,61178.0
293,130.0,434.3242473408161,280.8467961549706,55685.0
293,131.0,434.59213904024296,281.48281978512557,54307.0
294,130.0,247.52203255894491,36.35903957801889,58687.0
294,129.0,247.5481780012858,38.99865811517199,61728.0
294,128.0,246.78717972632796,38.399928165611776,61486.0
294,127.0,245.79346277240734,37.39433179974175,57555.0
294,131.0,248.43348680875454,35.45494727590006,59689.0
295,133.0,317.8192504167028,102.33056263352687,59763.0
295,132.0,316.23350524714056,104.30250252933023,57095.0
296,136.0,174.29900337871294,190.17122626680975,56673.0
296,134.0,174.11907048756208,190.1689043395098,53605.0
296,133.0,173.70184515404057,191.3795754984984,55207.0
296,135.0,174.03847589293343,191.47856922724657,56658.0
296,132.0,174.3948690385351,190.8866264627081,62303.0
297,128.0,146.81788358223028,118.93119717439419,55624.0
297,129.0,145.99606382030706,120.71380108560405,56664.0
298,134.0,435.6643219972227,276.8528756338367,56734.0
298,133.0,435.59522422463033,278.8878353939832,56976.0
299,127.0,402.1666906177191,203.006193034856,56486.0
299,128.0,402.57573425634774,202.14189712755604,57884.0
300,134.0,504.61846180821374,33.03479635020193,58577.0
300,135.0,506.08892818800734,34.76925491916388,61092.0
301,138.0,480.6727469767149,23.170397634415636,55864.0
301,139.0,481.6822889275936,22.590302937660976,56322.0
302,141.0,308.6802978717811,244.9556131628399,61150.0
302,142.0,309.18079105420185,241.57920649562266,60531.0
302,139.0,306.11706693550843,247.65850312133009,58177.0
302,140.0,306.9121548460835,245.5858176762467,61687.0
302,136.0,306.70141996364845,247.43492605191764,58474.0
302,143.0,309.023416555803,241.51110392688744,57858.0
302,138.0,306.92477692664033,248.18186321929102,60940.0
302,137.0,305.6675194356034,247.23205089102197,57115.0
303,147.0,318.3076542285335,300.83992239077776,63664.0
303,139.0,320.1324328870701,303.4610572378178,63699.0
303,140.0,319.51231445963276,303.223028082108,60863.0
303,141.0,319.4351539829526,303.96795381062105,60029.0
303,146.0,320.1426117346423,300.99094055945943,63169.0
303,144.0,318.4944117971681,302.18618828273907,61626.0
303,143.0,318.923578021851,301.11076956733507,61440.0
303,145.0,319.44820552768766,301.7809836557877,61309.0
303,142.0,318.3582802630296,301.88710537195556,62879.0
303,138.0,320.95142969302003,302.9507090014915,61358.0
304,143.0,369.043994764929,93.52444188911493,59142.0
304,152.0,369.6891893199901,87.83512885979454,57206.0
304,142.0,368.337339836685,92.86396411723372,57589.0
304,144.0,369.2814002099958,91.83971910605185,60907.0
304,148.0,369.48614129405456,88.1156113233584,62612.0
304,149.0,369.5289243052904,88.01300918918513,63798.0
304,140.0,368.45116079766274,90.59001073716237,59504.0
304,147.0,370.79308750536603,88.72010367776869,56752.0
304,146.0,369.544558219161,90.22585449085548,56342.0
304,150.0,369.19011577993984,88.48403597527903,64309.0
304,151.0,369.44007092236563,87.88356936093211,64253.0
304,141.0,367.94000626613695,92.05056454302613,56734.0
304,145.0,368.7706582897511,91.9167586101134,61043.0
305,144.0,437.3707343113025,219.75991990386112,55311.0
305,146.0,439.2750170931407,215.12042618112048,56295.0
305,147.0,439.47308521392034,215.7318882704221,54893.0
305,143.0,437.14604830804655,219.26773945028907,53612.0
305,145.0,439.2395982835838,216.33443872824995,55369.0
306,144.0,400.246330085684,248.66359333741454,55718.0
306,141.0,403.26346548452153,247.8446410959105,54365.0
306,142.0,401.87458128664446,248.83548529764164,56607.0
306,143.0,401.96345056318137,249.66206648727353,56163.0
307,143.0,327.730172081671,83.95274453903345,58038.0
307,142.0,328.87308315553196,84.7583622205024,57590.0
308,140.0,294.8294948182736,119.30907623948823,55242.0
308,139.0,293.4995657142213,118.86671447652328,54388.0
309,146.0,203.58840525053546,48.44483617460027,60261.0
309,147.0,204.98322603251847,48.49072963876846,59801.0
310,148.0,2.0,1.0,49160.0
310,147.0,0.6976875371807116,2.293265140197852,49598.0
311,150.0,144.22115899284756,123.99111352887637,59353.0
311,149.0,146.65640765947705,122.82677746983141,59438.0
311,148.0,146.55053038037076,123.78670790354873,56380.0
311,152.0,143.82426320543334,123.96905342276672,55610.0
311,147.0,146.36850189120506,123.90786886453034,55395.0
311,151.0,145.9194056647287,123.15497318802176,57775.0
312,145.0,209.75524759004912,183.54751720350598,56363.0
312,144.0,208.94115971681495,181.21122169124345,57594.0
313,148.0,118.86992180635117,327.54703912486013,55673.0
313,149.0,119.22178016684155,327.9838409558182,57869.0
314,148.0,478.9249563684547,21.909645604439394,57524.0
314,149.0,479.5217237879441,23.630833529115588,57590.0
315,149.0,375.90268627837446,146.08490859939357,55595.0
315,150.0,375.3875406518105,146.15830046482435,57786.0
316,151.0,440.5962903023558,216.27323489835254,55121.0
316,152.0,440.78835422384356,216.70678030202626,54151.0
316,149.0,439.59682480627816,215.84577145677557,57054.0
316,150.0,441.23426540764615,215.9011221197442,56375.0
316,153.0,440.32547885949543,216.12149919243447,55080.0
317,166.0,318.0439558012981,305.22513577777244,62484.0
317,150.0,322.98250714859347,305.6610571898783,63206.0
317,171.0,321.1873924940115,303.2209779882869,63158.0
317,176.0,320.9779268543014,303.82676663703836,56100.0
317,163.0,319.0399978048462,304.67756463988417,62707.0
317,158.0,318.89842985443005,305.20912786435304,58584.0
317,154.0,319.9431615886718,304.4513875629213,62472.0
317,172.0,322.51030350819025,304.00931233181734,62359.0
317,149.0,322.1863577385254,305.10415356767544,59733.0
317,167.0,318.90687391207854,305.27554686566884,61638.0
317,155.0,319.6675195331214,306.46552501944046,61196.0
317,162.0,320.5172911466618,305.86293589831854,59179.0
317,159.0,319.8399748563721,303.8931024578018,62491.0
317,173.0,321.10126303547634,304.17357776773446,62471.0
317,168.0,318.800879460658,305.38604592014065,62042.0
317,151.0,321.037811047017,306.2845169831049,62284.0
317,164.0,318.4784826601696,305.82801063478536,60165.0
317,156.0,319.05959059053305,305.3002341800112,61674.0
317,160.0,322.57856999626915,303.81538122290095,61157.0
317,174.0,323.11712682188346,304.9571508041986,59038.0
317,169.0,318.9979287400435,304.3511457324171,59199.0
317,152.0,319.6166412777951,303.4463503872265,60930.0
317,165.0,318.90299737184387,305.56332424462767,63319.0
317,157.0,318.700607863095,305.55298627393466,61642.0
317,175.0,321.16052521756706,304.1264743313567,63862.0
317,170.0,321.4329419884539,303.79168331797797,62122.0
317,161.0,322.0763242116539,304.84765796146775,61668.0
317,153.0,320.2568034592577,304.8466058597478,59822.0
318,150.0,310.93880087027463,46.57412565333871,56118.0
318,149.0,311.9320987694035,46.23802559731575,58141.0
319,150.0,138.12945608225183,122.73328500147333,58495.0
319,149.0,139.38293853776352,123.35706865602657,56204.0
320,150.0,293.62213741655256,120.19325630676713,55227.0
320,149.0,294.14401400542846,120.10793671181966,54564.0
321,156.0,365.7494860473043,82.43937503849583,57984.0
321,159.0,365.47938663814807,83.11911611453503,60141.0
321,161.0,366.3312917975345,81.87565627958787,55845.0
321,154.0,366.18557756519357,82.51953592498704,56639.0
321,155.0,366.7930780471058,82.43744579019031,58381.0
321,158.0,365.00788037049443,83.27218338719767,62514.0
321,152.0,367.00568901134153,81.96166842326805,55790.0
321,153.0,366.70453905820983,81.66801906023571,54830.0
321,157.0,366.1710523923141,82.3611505805804,58840.0
321,160.0,367.0769893851737,82.30015312842445,56870.0
322,152.0,311.20999025466335,127.58241922044365,56220.0
322,153.0,312.2083393236321,128.2854347002168,57962.0
323,154.0,173.03412733460837,128.5655946797615,59229.0
323,155.0,173.30815936376723,128.52024239027224,57943.0
323,153.0,171.81884733780157,127.8242502131522,59677.0
323,152.0,173.5769029795026,128.87328893404182,60906.0
324,154.0,200.19594919216772,46.2013094800598,59671.0
324,155.0,199.7125026292448,46.3811526411505,60526.0
324,150.0,201.37453005958014,48.13167631558532,58750.0
324,152.0,203.55386914108448,49.06072262441713,58231.0
324,153.0,200.89376491743278,46.92283769160078,61476.0
324,151.0,202.31874843252618,49.14373307998704,58770.0
324,157.0,197.44282099966847,46.12450112966035,58768.0
324,156.0,199.4760948964801,45.977174228689904,58852.0
324,158.0,197.87874199930314,45.2047592715511,59662.0
325,160.0,364.56942394842577,95.35955181054436,55949.0
325,156.0,364.6115027474705,92.53017878377356,58725.0
325,154.0,367.1223367725173,92.84180365767818,57445.0
325,158.0,365.2671468413358,92.51193669368344,58533.0
325,163.0,364.91240279200525,94.17444203290813,64626.0
325,162.0,365.0626285816488,94.10902663573836,57333.0
325,165.0,362.8249884584601,93.7372778763053,61566.0
325,157.0,364.5609992701303,92.56600171136058,58714.0
325,159.0,366.07807698294516,94.49769254460792,57266.0
325,161.0,365.06434307313873,93.98026713734991,57341.0
325,155.0,365.7588625931658,92.07301814162524,59555.0
325,153.0,367.6612664411978,93.15302670975323,56528.0
325,164.0,363.63687342942495,94.35591213981058,64398.0
326,145.0,382.86464714444907,135.45303774322946,59448.0
326,146.0,381.899889426692,136.8771708075747,57134.0
327,145.0,294.87590452415304,119.73636264504698,53841.0
327,146.0,293.8693035050373,121.05923614210512,56221.0
328,146.0,235.10180868850722,153.53520519167677,58658.0
328,145.0,237.2356300007869,155.3020690753294,55947.0
329,156.0,87.48268936075297,499.2455752404598,57281.0
329,155.0,86.44678832206836,499.9580497931614,56310.0
329,157.0,86.44827139604094,499.43161637981115,55899.0
329,154.0,86.67956105078927,500.9137731247025,56254.0
329,158.0,88.56243058027945,499.7917676984487,57023.0
330,156.0,289.97966670640153,64.20846214378685,56594.0
330,157.0,289.6442281080023,62.22389797113048,59056.0
331,157.0,281.37023757183465,213.2369882204029,55830.0
331,158.0,280.27539582734113,212.56785872229094,55115.0
331,156.0,282.01225823023026,212.11199574952323,55135.0
332,157.0,290.2635047179633,313.67366743141923,57754.0
332,156.0,289.8197965790032,313.24051827479536,63991.0
333,160.0,369.95143423253603,86.69241967590013,60279.0
333,157.0,367.6640113347055,85.04007469060124,58837.0
333,158.0,368.1884421466496,85.08594877003057,64076.0
333,163.0,364.5403247940898,87.40245996379046,60890.0
333,159.0,368.8560492185313,86.33555065693083,63203.0
333,161.0,369.2872053614501,87.21358946571829,57658.0
333,166.0,364.20912853260205,87.92976416267965,58859.0
333,168.0,363.58365235819934,88.59735861754731,58634.0
333,167.0,365.11899049632694,86.88920510169521,59278.0
333,164.0,365.0001250075686,87.25390435435968,58317.0
333,165.0,364.87832251421213,89.0346638711907,60249.0
333,162.0,365.9123518079442,88.69097573845781,56218.0
334,160.0,293.5073571595308,121.29321927551707,55042.0
334,157.0,294.0632811957016,120.83672587041377,54560.0
334,159.0,294.20187388651726,121.7850088567331,55961.0
334,158.0,292.20533547006767,122.81742855367885,54299.0
335,160.0,443.2472188984854,276.9241947745372,55166.0
335,159.0,445.02940474703956,278.1491557087639,53150.0
336,160.0,110.2424877240855,281.1889582696416,58631.0
336,161.0,110.66995057256656,279.4081955966587,60156.0
336,159.0,109.39927462248768,280.8398947218358,54467.0
337,160.0,403.6865196313872,347.7902896058919,55433.0
337,159.0,403.68610808355095,348.01145839855485,57481.0
338,159.0,197.14969256699317,224.20469772082146,54349.0
338,158.0,198.8512374825661,225.30109982439095,55056.0
339,159.0,475.4373762849977,21.79569637678717,57348.0
339,158.0,475.10181706977033,21.93074308722543,59534.0
340,162.0,146.3209175051857,113.04552288241375,56747.0
340,160.0,144.8553687448242,111.37607006272755,57681.0
340,161.0,145.6307660169295,112.59545363365491,57538.0
340,163.0,146.70578529859134,116.96004430745568,57436.0
340,164.0,146.7774013522547,116.40901199013462,58523.0
341,168.0,468.1366662626425,257.8642639158857,53911.0
341,164.0,469.00158292725956,256.00892469481005,53821.0
341,166.0,469.1795414201801,257.81200206518463,53464.0
341,165.0,469.68005723172166,256.33497775735987,53752.0
341,162.0,468.9664747198667,256.9871599314533,53160.0
341,161.0,468.4158064591131,256.9385951324667,54264.0
341,163.0,468.85805135406974,256.64884462429615,53421.0
341,167.0,468.52782124219067,258.4747342991511,54431.0
341,169.0,468.81928735802796,256.95205982011754,52800.0
342,162.0,294.9564432249894,192.51927248638813,54778.0
342,161.0,296.6549760950724,193.88401610689232,55110.0
343,162.0,250.18927107248297,317.1870560736526,55699.0
343,161.0,250.2216994693899,317.4661562935491,62377.0
344,164.0,297.35751520212983,120.23596975837413,54268.0
344,165.0,295.2247909637948,120.3900690554805,54779.0
344,166.0,295.50094973899354,119.09242182940933,55889.0
344,167.0,295.1120814014664,118.20540377721895,54437.0
345,165.0,126.8523747539025,328.9653192912721,53164.0
345,164.0,127.87467858926617,327.677088252421,53892.0
346,162.0,147.03937788442937,270.97353108200343,57103.0
346,163.0,149.72131782820088,270.80487217289385,55629.0
347,166.0,428.2237926440642,254.39466508595248,59725.0
347,168.0,427.35712079942397,252.81397650374808,61732.0
347,171.0,427.7598360341943,253.4555393167424,61842.0
347,174.0,429.745409365729,251.3408559215673,57247.0
347,176.0,427.73693086296953,251.983604826934,56233.0
347,172.0,428.49304882930875,253.40758330478144,62261.0
347,169.0,427.7222531183199,252.1353228510674,65725.0
347,177.0,428.4618304621348,251.8213293854833,54283.0
347,179.0,428.05257346929847,251.58892655094388,57859.0
347,167.0,427.7778738673832,253.97795829461344,62618.0
347,175.0,431.45517751145684,250.8465183150592,56179.0
347,170.0,427.9423076812738,252.11260034266365,65328.0
347,173.0,428.94534497514104,252.26745569755082,59889.0
347,178.0,428.557716945003,251.90165376716888,59080.0
348,166.0,259.38633455788687,254.25914927387512,56746.0
348,167.0,258.9781035009404,253.81717170840489,54712.0
349,167.0,509.01888567639094,57.34120055548235,54087.0
349,166.0,509.05445885939804,58.87814685203144,53337.0
350,167.0,372.056082260839,137.5910285415063,56921.0
350,166.0,371.8341834764674,138.63887058431624,61341.0
351,160.0,274.8463012534399,329.6481378972615,56972.0
351,161.0,277.27500324188765,329.91418197479044,59288.0
352,169.0,132.33759957742072,323.2311742584291,54320.0
352,168.0,131.2494802012078,325.3771722156494,53779.0
353,169.0,388.4576202922261,129.98546925404688,60321.0
353,167.0,388.8151658885089,132.02971327582455,60458.0
353,168.0,387.8949388523783,129.2517652843978,58025.0
354,170.0,206.61346909237767,32.651536440237926,61860.0
354,169.0,206.40482596206832,31.85449242650882,54999.0
354,172.0,206.84201959023264,33.521369639192976,60165.0
354,173.0,206.87343386946242,33.064243869061464,60268.0
354,171.0,206.74911099033355,33.492772048614604,60758.0
355,169.0,384.3064701211261,114.60951603210573,56680.0
355,170.0,385.4333649054173,114.24644134847982,58654.0
356,170.0,17.66421089023252,223.2410628329663,53081.0
356,169.0,16.885870606559934,223.05293286093985,53331.0
357,171.0,139.69989497812062,111.06497261676708,57279.0
357,170.0,138.57717924122977,111.28460551546944,53901.0
357,172.0,139.05886533266838,112.93802959629565,58028.0
358,171.0,362.9403221042288,94.57320001338256,60140.0
358,170.0,362.4264166444961,92.90261503462517,59342.0
359,171.0,368.7401780731314,89.55361892695383,58911.0
359,172.0,368.97175721887965,89.0710320166587,65951.0
360,172.0,149.94388569896262,316.0256943286412,61734.0
360,173.0,149.76990629505505,315.8184341756164,65170.0
360,175.0,149.92007528127886,316.7351058355674,63936.0
360,176.0,150.11286085525026,317.47480870762655,56205.0
360,174.0,149.9283189989354,316.4095619349685,63796.0
361,176.0,25.281110624023153,190.9561745597064,64000.0
361,182.0,28.202213844340058,192.82533985743353,62727.0
361,175.0,25.01306320250391,190.25305042258717,63548.0
361,180.0,26.76311691935875,192.07915989884958,61798.0
361,178.0,25.068120086222507,190.50434016060575,62899.0
361,181.0,27.698187655021524,191.65550110125884,63073.0
361,183.0,26.960352855077037,192.46078088392065,60469.0
361,184.0,27.14618384291366,193.07885735435136,59530.0
361,177.0,25.557478142627822,189.80735939251073,64827.0
361,179.0,24.865281970681238,191.00614132612742,62085.0
362,167.0,465.6643429789886,25.205277802106362,58440.0
362,168.0,464.13596653375026,25.51178910680742,57104.0
363,180.0,320.4014831284898,375.98043731702086,55432.0
363,182.0,322.92352009203137,372.6146032154831,57476.0
363,176.0,319.30827537865133,369.2289878148516,62102.0
363,174.0,317.1895608835306,369.1112926849071,57974.0
363,185.0,323.9162812670148,374.20217527929424,64654.0
363,179.0,320.9940675996821,374.78546470052316,58570.0
363,177.0,319.9464899114073,372.63017547831026,55663.0
363,184.0,325.25329379993093,374.5453306667329,62403.0
363,175.0,317.84817722261516,370.074100217966,62681.0
363,186.0,323.44467375759075,374.32558317284247,57977.0
363,178.0,320.31516958414363,374.74532220658983,57953.0
363,181.0,322.8742597376425,374.2606132721014,58294.0
363,183.0,324.4743977591936,374.71548837771854,61694.0
364,178.0,357.3581798367173,90.39082457721594,57613.0
364,177.0,355.58318742714,90.2152469855614,57283.0
365,176.0,127.95469480431072,103.38728492833924,67369.0
365,175.0,128.01616286121856,103.68357453680193,67199.0
365,174.0,126.90816268880096,103.26792736515768,69759.0
365,173.0,127.67775407527569,103.09558316288746,53327.0
366,175.0,388.15935792780624,124.2707754747169,59488.0
366,174.0,388.0331330425008,124.22441051746694,58936.0
367,180.0,312.92101464259076,47.663177641622646,56796.0
367,178.0,315.8465334467839,46.797603555233444,54075.0
367,179.0,314.42785722670186,46.36130658914987,54137.0
368,178.0,483.37503108588083,3.7361718626842935,54124.0
368,179.0,481.0845336182616,2.694163797497687,54569.0
368,180.0,482.35044948922183,2.3540380675780987,52670.0
369,175.0,274.03348912620436,94.94578386412044,55512.0
369,176.0,276.39184039094863,93.24975206556553,55060.0
370,176.0,205.0147177596006,32.67781194581901,58253.0
370,175.0,207.0129591986989,31.77967372280818,57838.0
371,180.0,385.0485084188894,118.56361263587166,57482.0
371,179.0,384.65556078378285,119.62897385367262,55853.0
372,188.0,152.91993890169977,331.7591937370541,56769.0
372,191.0,150.6892833854543,331.313307828182,59181.0
372,184.0,150.2397693318058,329.8473159010744,59204.0
372,182.0,152.0549586827512,331.0329085228224,57825.0
372,187.0,151.30483211643133,332.6455230804028,56809.0
372,189.0,152.25818230500292,332.0812756446042,57402.0
372,186.0,151.7568192866907,330.2823619993392,59239.0
372,181.0,152.07484861472005,332.1455705283078,58011.0
372,185.0,150.30648822176218,330.3453044049958,58622.0
372,183.0,151.9466625364069,329.31732786024753,58973.0
372,190.0,151.57233640220218,331.14864404720856,59731.0
372,192.0,151.87781274578813,331.9633706984691,61236.0
373,185.0,464.3591761304919,21.526668971081993,58288.0
373,193.0,463.20678812787895,22.060986932224587,58749.0
373,191.0,464.1090149257404,22.109230624429202,57953.0
373,184.0,464.85423571985115,22.07596667304131,59232.0
373,195.0,464.09694773138136,20.76314805409267,55198.0
373,188.0,463.4555727054306,21.971420691573893,55805.0
373,190.0,463.8519303698247,21.91709317186455,59818.0
373,186.0,463.44871656122257,20.912940959274263,57374.0
373,183.0,464.87928226537304,20.73785714081564,58443.0
373,192.0,463.4056978235405,22.631147009619344,59347.0
373,194.0,464.07349240030226,20.809921565346,59425.0
373,189.0,463.99802591367114,23.247120336925214,60468.0
373,187.0,464.26522395229136,21.26814533337738,57761.0
374,174.0,435.87066692648807,281.6089714411049,57687.0
374,173.0,436.26238623987774,281.33562710974087,52975.0
375,174.0,407.94492211342964,301.03721323876965,54607.0
375,173.0,407.13629752441415,301.78082608293585,54490.0
376,184.0,250.07592956421524,319.97076019148153,56858.0
376,185.0,251.01265066023032,318.1020702032078,59734.0
377,184.0,298.2250991312473,368.38659059562974,54323.0
377,188.0,298.7694228729994,369.08635604350786,53596.0
377,186.0,298.4888586824393,369.5685758925463,54799.0
377,187.0,297.79640458316965,368.9897419590015,54884.0
377,185.0,299.204682262587,370.2423268136397,55366.0
378,185.0,388.3911993599299,116.14579100162119,54341.0
378,184.0,388.60805719781297,118.74919566713008,54841.0
379,185.0,269.42115750779396,212.72758816664572,57461.0
379,184.0,267.8613447455984,214.46221915876242,57051.0
380,185.0,201.0790465640116,42.76807121656919,60685.0
380,186.0,201.4333276647027,43.56247077681974,59581.0
381,186.0,293.1368195802134,124.2579208394263,56759.0
381,185.0,294.68224981802643,123.72944763339974,56382.0
382,188.0,194.2098682328702,215.40966045810643,58275.0
382,189.0,191.55162191157854,215.4516170442908,57750.0
383,189.0,273.15370990143913,211.85912057239403,56672.0
383,188.0,273.9601117753708,212.851605918035,60470.0
383,195.0,270.1964192224747,214.66394558553134,57681.0
383,196.0,272.21099980597194,215.0495575195828,59261.0
383,193.0,271.0544660918855,212.23238135888033,60803.0
383,190.0,272.7595811144704,211.13116774351894,63639.0
383,197.0,270.5266671127784,213.84970665024167,56765.0
383,192.0,271.639743804639,213.5336146803856,57203.0
383,191.0,269.76791956530286,213.72822506954958,59938.0
383,194.0,268.65982056230206,212.22712254053954,59865.0
384,194.0,350.8680297120154,284.20622221129923,53945.0
384,193.0,350.371790429186,283.19129191049024,56246.0
385,190.0,281.78387360193153,89.13164475165485,63508.0
385,193.0,281.49041437001614,88.5316070285767,61188.0
385,192.0,281.63575250400754,88.79182750538422,65011.0
385,191.0,281.2864807203785,89.00051337065167,64648.0
385,189.0,280.9926983040913,89.40734708419724,56981.0
386,193.0,386.8545218703042,139.94283200465713,58480.0
386,190.0,388.0269397046036,139.64959544631142,63815.0
386,192.0,387.92883326968564,139.74453496421327,67289.0
386,191.0,387.64196633044656,139.51272697343617,65798.0
387,193.0,386.4223374563934,130.787411190709,60377.0
387,192.0,386.00681096939667,130.86455950249368,60501.0
388,196.0,233.25191405655443,214.12285165010096,60497.0
388,197.0,231.16931108086084,215.0994008134503,57569.0
389,198.0,286.7169571360305,68.7699495726587,55743.0
389,197.0,286.10301623478523,68.70589782185142,62354.0
389,196.0,287.92197757358156,68.60059249766567,56732.0
390,195.0,336.58298103354184,346.0788411985532,57380.0
390,196.0,335.77159574495073,344.7731055724299,56474.0
391,195.0,29.770082954765876,15.56276379241026,56525.0
391,196.0,27.853718059681977,17.349096733685514,55418.0
392,198.0,284.16314453171526,98.85241385637734,59299.0
392,197.0,283.85699686310517,98.56238749631098,63089.0
392,196.0,286.9939807240412,98.45202559575243,61379.0
392,195.0,284.612566727831,99.93055305912418,60636.0
392,199.0,285.3403808839358,98.16097804682052,57161.0
393,194.0,281.1385273297182,54.21094677991948,57903.0
393,195.0,281.9436235366175,53.86723460702437,54180.0
394,194.0,283.284218438071,97.81174856885478,59173.0
394,195.0,284.09569561556015,99.7208051896392,61444.0
395,189.0,326.7051307724329,293.8960235069656,57353.0
395,190.0,324.3382344761978,292.28177079744825,56586.0
396,189.0,353.06932738253204,292.69786211038536,52248.0
396,190.0,352.13480815291524,294.1686367597109,57378.0
397,190.0,357.3062127648595,91.03775592152314,57976.0
397,191.0,357.30490236769276,92.49476653170335,58881.0
397,189.0,359.0470177861178,89.12191619569371,59754.0
398,190.0,365.5272924647197,493.51373023448895,53609.0
398,189.0,365.2890022898107,493.82022787910205,53944.0
399,198.0,468.02305167366586,27.08985813539279,54382.0
399,197.0,469.8960241630503,27.15851540493754,53867.0
400,199.0,309.9615245428176,281.08327396020917,55958.0
400,198.0,309.458047888068,280.07152278748765,55842.0
401,199.0,245.9932627862165,241.71735215871107,56123.0
401,198.0,245.93012024863634,241.17020754421773,55553.0
402,192.0,264.99263550759537,119.33781513905981,54255.0
402,191.0,263.7179196775764,117.83478912997185,55190.0
403,191.0,0.6190577808723674,2.3274917092777994,49160.0
403,190.0,2.0,1.0,49833.0
404,191.0,238.74866634391526,81.80550493758247,58082.0
404,190.0,238.9485860483172,81.5990833442273,57039.0
